id,state,key_mun,name_mun, tarifa
1,1,1,Aguascalientes,TARIFA 1
2,1,2,Asientos,TARIFA 1
3,1,3,Calvillo,TARIFA 1
4,1,4,Cosío,TARIFA 1
5,1,5,Jesús María,TARIFA 1
6,1,6,Pabellón de Arteaga,TARIFA 1
7,1,7,Rincón de Romos,TARIFA 1
8,1,8,San José de Gracia,TARIFA 1
9,1,9,Tepezalá,TARIFA 1
10,1,10,El Llano,TARIFA 1
11,1,11,San Francisco de los Romo,TARIFA 1
12,2,1,Ensenada,TARIFA 1
13,2,2,Mexicali,TARIFA 1F
14,2,3,Tecate,TARIFA 1A
15,2,4,Tijuana,TARIFA 1
16,2,5,Playas de Rosarito,TARIFA 1
17,3,1,Comondú,TARIFA 1B
18,3,2,Mulegé,TARIFA 1D
19,3,3,La Paz,TARFIA 1E
20,3,4,Los Cabos,TARIFA 1C
21,3,5,Loreto,TARIFA 1E
22,4,1,Calkiní,TARIFA 1C
23,4,2,Campeche,TARIFA 1C
24,4,3,Carmen,TARIFA 1C
25,4,4,Champotón,TARIFA 1C
26,4,5,Hecelchakán,TARIFA 1C
27,4,6,Hopelchén,TARIFA 1C
28,4,7,Palizada,TARIFA 1C
29,4,8,Tenabo,TARIFA 1C
30,4,9,Escárcega,TARIFA 1C
31,4,10,Calakmul,TARIFA 1C
32,4,11,Candelaria,TARIFA 1C
33,5,1,Abasolo,Tarifa 1D
34,5,2,Acuña,Tarifa 1E
35,5,3,Allende,Tarifa 1C
36,5,4,Arteaga,Tarifa 1
37,5,5,Candela,Tarifa 1C
38,5,6,Castaños,Tarifa 1C
39,5,7,Cuatro Ciénegas,Tarifa 1B
40,5,8,Escobedo,Tarifa 1D
41,5,9,Francisco I. Madero,Tarifa 1C
42,5,10,Frontera,Tarifa 1D
43,5,11,General Cepeda,Tarifa 1A
44,5,12,Guerrero,Tarifa 1E
45,5,13,Hidalgo,Tarifa 1E
46,5,14,Jiménez,Tarifa 1E
47,5,15,Juárez,Tarifa 1C
48,5,16,Lamadrid,Tarifa 1B
49,5,17,Matamoros,Tarifa 1C
50,5,18,Monclova,Tarifa 1D
51,5,19,Morelos,Tarifa 1C
52,5,20,Múzquiz,Tarifa 1E
53,5,21,Nadadores,Tarifa 1C
54,5,22,Nava,Tarifa 1E
55,5,23,Ocampo,Tarifa 1B
56,5,24,Parras,Tarifa 1A
57,5,25,Piedras Negras,Tarifa 1E
58,5,26,Progreso,Tarifa 1C
59,5,27,Ramos Arizpe,Tarifa 1A
60,5,28,Sabinas,Tarifa 1E
61,5,29,Sacramento,Tarifa 1B
62,5,30,Saltillo,Tarifa 1
63,5,31,San Buenaventura,Tarifa 1C
64,5,32,San Juan de Sabinas,Tarifa 1E
65,5,33,San Pedro,Tarifa 1C
66,5,34,Sierra Mojada,Tarifa 1B
67,5,35,Torreón,Tarifa 1C
68,5,36,Viesca,Tarifa 1D
69,5,37,Villa Unión,Tarifa 1C
70,5,38,Zaragoza,Tarifa 1E
71,6,1,Armería,Tarifa 1B
72,6,2,Colima,Tarifa 1B
73,6,3,Comala,Tarifa 1A
74,6,4,Coquimatlán,Tarifa 1B
75,6,5,Cuauhtémoc,Tarifa 1A
76,6,6,Ixtlahuacán,Tarifa 1B
77,6,7,Manzanillo,Tarifa 1B
78,6,8,Minatitlán,Tarifa 1A
79,6,9,Tecomán,Tarifa 1B
80,6,10,Villa de Álvarez,Tarifa 1B
81,7,1,Acacoyagua,Tarifa 1B
82,7,2,Acala,Tarifa 1A
83,7,3,Acapetahua,Tarifa 1C
84,7,4,Altamirano,Tarifa 1A
85,7,5,Amatán,Tarifa 1B
86,7,6,Amatenango de la Frontera,Tarifa 1
87,7,7,Amatenango del Valle,Tarifa 1
88,7,8,Angel Albino Corzo,Tarifa 1
89,7,9,Arriaga,Tarifa 1C
90,7,10,Bejucal de Ocampo,Tarifa 1
91,7,11,Bella Vista,Tarifa 1
92,7,12,Berriozábal,Tarifa 1
93,7,13,Bochil,Tarifa 1
94,7,14,El Bosque,Tarifa 1
95,7,15,Cacahoatán,Tarifa 1
96,7,16,Catazajá,Tarifa 1B
97,7,17,Cintalapa,Tarifa 1A
98,7,18,Coapilla,Tarifa 1
99,7,19,Comitán de Domínguez,Tarifa 1
100,7,20,La Concordia,Tarifa 1
101,7,21,Copainalá,Tarifa 1B
102,7,22,Chalchihuitán,Tarifa 1
103,7,23,Chamula,Tarifa 1
104,7,24,Chanal,Tarifa 1
105,7,25,Chapultenango,Tarifa 1B
106,7,26,Chenalhó,Tarifa 1
107,7,27,Chiapa de Corzo,Tarifa 1A
108,7,28,Chiapilla,Tarifa 1A     
109,7,29,Chicoasén,Tarifa 1B
110,7,30,Chicomuselo,Tarifa 1A     
111,7,31,Chilón,Tarifa 1B
112,7,32,Escuintla,Tarifa 1B
113,7,33,Francisco León,Tarifa 1B
114,7,34,Frontera Comalapa,Tarifa 1A
115,7,35,Frontera Hidalgo,Tarifa 1B
116,7,36,La Grandeza,Tarifa 1A
117,7,37,Huehuetán,Tarifa 1C
118,7,38,Huixtán,Tarifa 1
119,7,39,Huitiupán,Tarifa 1
120,7,40,Huixtla,Tarifa 1C
121,7,41,La Independencia,Tarifa 1
122,7,42,Ixhuatán,Tarifa 1
123,7,43,Ixtacomitán,Tarifa 1B
124,7,44,Ixtapa,Tarifa 1
125,7,45,Ixtapangajoya,Tarifa 1B
126,7,46,Jiquipilas,Tarifa 1A
127,7,47,Jitotol,Tarifa 1A
128,7,48,Juárez,Tarifa 1B
129,7,49,Larráinzar,Tarifa 1
130,7,50,La Libertad,Tarifa 1B
131,7,51,Mapastepec,Tarifa 1C
132,7,52,Las Margaritas,Tarifa 1
133,7,53,Mazapa de Madero,Tarifa 1
134,7,54,Mazatán,Tarifa 1C
135,7,55,Metapa,Tarifa 1B
136,7,56,Mitontic,Tarifa 1
137,7,57,Motozintla,Tarifa 1
138,7,58,Nicolás Ruíz,Tarifa 1A
139,7,59,Ocosingo,Tarifa 1B
140,7,60,Ocotepec,Tarifa 1B
141,7,61,Ocozocoautla de Espinosa,Tarifa 1
142,7,62,Ostuacán,Tarifa 1B
143,7,63,Osumacinta,Tarifa 1B
144,7,64,Oxchuc,Tarifa 1
145,7,65,Palenque,Tarifa 1B
146,7,66,Pantelhó,Tarifa 1
147,7,67,Pantepec,Tarifa 1B
148,7,68,Pichucalco,Tarifa 1B
149,7,69,Pijijiapan,Tarifa 1C
150,7,70,El Porvenir,Tarifa 1
151,7,71,Villa Comaltitlán,Tarifa 1
152,7,72,Pueblo Nuevo Solistahuacán,Tarifa 1
153,7,73,Rayón,Tarifa 1B
154,7,74,Reforma,Tarifa 1B
155,7,75,Las Rosas,Tarifa 1
156,7,76,Sabanilla,Tarifa 1B
157,7,77,Salto de Agua,Tarifa 1B
158,7,78,San Cristóbal de las Casas,Tarifa 1
159,7,79,San Fernando,Tarifa 1B
160,7,80,Siltepec,Tarifa 1
161,7,81,Simojovel,Tarifa 1
162,7,82,Sitalá,Tarifa 1A
163,7,83,Socoltenango,Tarifa 1A
164,7,84,Solosuchiapa,Tarifa 1B
165,7,85,Soyaló,Tarifa 1
166,7,86,Suchiapa,Tarifa 1B
167,7,87,Suchiate,Tarifa 1C
168,7,88,Sunuapa,Tarifa 1B
169,7,89,Tapachula,Tarifa 1A
170,7,90,Tapalapa,Tarifa 1A
171,7,91,Tapilula,Tarifa 1B
172,7,92,Tecpatán,Tarifa 1
173,7,93,Tenejapa,Tarifa 1
174,7,94,Teopisca,Tarifa 1
175,7,95,Tila,Tarifa 1A
176,7,96,Tonalá,Tarifa 1C
177,7,97,Totolapa,Tarifa 1A
178,7,98,La Trinitaria,Tarifa 1A
179,7,99,Tumbalá,Tarifa 1A
180,7,100,Tuxtla Gutiérrez,Tarifa 1B
181,7,101,Tuxtla Chico,Tarifa 1B
182,7,102,Tuzantán,Tarifa 1A
183,7,103,Tzimol,Tarifa 1
184,7,104,Unión Juárez,Tarifa 1
185,7,105,Venustiano Carranza,Tarifa 1
186,7,106,Villa Corzo,Tarifa 1A
187,7,107,Villaflores,Tarifa 1A
188,7,108,Yajalón,Tarifa 1A
189,7,109,San Lucas,Tarifa 1A
190,7,110,Zinacantán,Tarifa 1
191,7,111,San Juan Cancuc,Tarifa 1
192,7,112,Aldama,Tarifa 1
193,7,113,Benemérito de las Américas,Tarifa 1B
194,7,114,Maravilla Tenejapa,Tarifa 1
195,7,115,Marqués de Comillas,Tarifa 1B
196,7,116,Montecristo de Guerrero,Tarifa 1A
197,7,117,San Andrés Duraznal,Tarifa 1
198,7,118,Santiago el Pinar,Tarifa 1
199,8,1,Ahumada,Tarifa 1B
200,8,2,Aldama,Tarifa 1B
201,8,3,Allende,Tarifa 1A
202,8,4,Aquiles Serdán,Tarifa 1A
203,8,5,Ascensión,Tarifa 1A
204,8,6,Bachíniva,Tarifa 1
205,8,7,Balleza,Tarifa 1
206,8,8,Batopilas,Tarifa 1D
207,8,9,Bocoyna,Tarifa 1
208,8,10,Buenaventura,Tarifa 1A
209,8,11,Camargo,Tarifa 1B
210,8,12,Carichí,Tarifa 1
211,8,13,Casas Grandes,Tarifa 1A
212,8,14,Coronado,Tarifa 1A
213,8,15,Coyame del Sotol,Tarifa 1B
214,8,16,La Cruz,Tarifa 1A
215,8,17,Cuauhtémoc,Tarifa 1
216,8,18,Cusihuiriachi,Tarifa 1
217,8,19,Chihuahua,Tarifa 1B
218,8,20,Chínipas,Tarifa 1C
219,8,21,Delicias,Tarifa 1B
220,8,22,Dr. Belisario Domínguez,Tarifa 1A
221,8,23,Galeana,Tarifa 1A
222,8,24,Santa Isabel,Tarifa 1A
223,8,25,Gómez Farías,Tarifa 1A
224,8,26,Gran Morelos,Tarifa 1A
225,8,27,Guachochi,Tarifa 1
226,8,28,Guadalupe,Tarifa 1B
227,8,29,Guadalupe y Calvo,Tarifa 1
228,8,30,Guazapares,Tarifa 1C
229,8,31,Guerrero,Tarifa 1
230,8,32,Hidalgo del Parral,Tarifa 1A
231,8,33,Huejotitán,Tarifa 1A
232,8,34,Ignacio Zaragoza,Tarifa 1
233,8,35,Janos,Tarifa 1A
234,8,36,Jiménez,Tarifa 1A
235,8,37,Juárez,Tarifa 1C
236,8,38,Julimes,Tarifa 1B
237,8,39,López,Tarifa 1A
238,8,40,Madera,Tarifa 1
239,8,41,Maguarichi,Tarifa 1
240,8,42,Manuel Benavides,Tarifa 1D
241,8,43,Matachí,Tarifa 1
242,8,44,Matamoros,Tarifa 1
243,8,45,Meoqui,Tarifa 1B
244,8,46,Morelos,Tarifa 1
245,8,47,Moris,Tarifa 1A
246,8,48,Namiquipa,Tarifa 1A
247,8,49,Nonoava,Tarifa 1A
248,8,50,Nuevo Casas Grandes,Tarifa 1A
249,8,51,Ocampo,Tarifa 1A
250,8,52,Ojinaga,Tarifa 1D
251,8,53,Praxedis G. Guerrero,Tarifa 1B
252,8,54,Riva Palacio,Tarifa 1A
253,8,55,Rosales,Tarifa 1B
254,8,56,Rosario,Tarifa 1A
255,8,57,San Francisco de Borja,Tarifa 1A
256,8,58,San Francisco de Conchos,Tarifa 1A
257,8,59,San Francisco del Oro,Tarifa 1
258,8,60,Santa Bárbara,Tarifa 1
259,8,61,Satevó,Tarifa 1A
260,8,62,Saucillo,Tarifa 1B
261,8,63,Temósachic,Tarifa 1
262,8,64,El Tule,Tarifa 1
263,8,65,Urique,Tarifa 1C
264,8,66,Uruachi,Tarifa 1C
265,8,67,Valle de Zaragoza,Tarifa 1A
266,9,1,Canatlán,Tarifa 1
267,9,2,Canelas,Tarifa 1
268,9,3,Coneto de Comonfort,Tarifa 1
269,9,4,Cuencamé,Tarifa 1
270,9,5,Durango,Tarifa 1
271,9,6,General Simón Bolívar,Tarifa 1B
272,9,7,Gómez Palacio,Tarifa 1C
273,9,8,Guadalupe Victoria,Tarifa 1
274,9,9,Guanaceví,Tarifa 1
275,9,10,Hidalgo,Tarifa 1B
276,9,11,Indé,Tarifa 1A
277,9,12,Lerdo,Tarifa 1C
278,9,13,Mapimí,Tarifa 1B
279,9,14,Mezquital,Tarifa 1
280,9,15,Nazas,Tarifa 1B
281,9,16,Nombre de Dios,Tarifa 1
282,9,17,Ocampo,Tarifa 1A
283,9,18,El Oro,Tarifa 1A
284,9,19,Otáez,Tarifa 1
285,9,20,Pánuco de Coronado,Tarifa 1
286,9,21,Peñón Blanco,Tarifa 1
287,9,22,Poanas,Tarifa 1
288,9,23,Pueblo Nuevo,Tarifa 1
289,9,24,Rodeo,Tarifa 1B
290,9,25,San Bernardo,Tarifa 1
291,9,26,San Dimas,Tarifa 1
292,9,27,San Juan de Guadalupe,Tarifa 1B
293,9,28,San Juan del Río,Tarifa 1A     
294,9,29,San Luis del Cordero,Tarifa 1B
295,9,30,San Pedro del Gallo,Tarifa 1B
296,9,31,Santa Clara,Tarifa 1B
297,9,32,Santiago Papasquiaro,Tarifa 1
298,9,33,Súchil,Tarifa 1
299,9,34,Tamazula,Tarifa 1
300,9,35,Tepehuanes,Tarifa 1
301,9,36,Tlahualilo,Tarifa 1B
302,9,37,Topia,Tarifa 1
303,9,38,Vicente Guerrero,Tarifa 1
304,9,39,Nuevo Ideal,Tarifa 1
305,10,1,Azcapotzalco,Tarifa 1
306,10,2,Coyoacán,Tarifa 1
307,10,3,Cuajimalpa de Morelos,Tarifa 1
308,10,4,Gustavo A. Madero,Tarifa 1
309,10,5,Iztacalco,Tarifa 1
310,10,6,Iztapalapa,Tarifa 1
311,10,7,La Magdalena Contreras,Tarifa 1
312,10,8,Milpa Alta,Tarifa 1
313,10,9,Álvaro Obregón,Tarifa 1
314,10,10,Tláhuac,Tarifa 1
315,10,11,Tlalpan,Tarifa 1
316,10,12,Xochimilco,Tarifa 1
317,10,13,Benito Juárez,Tarifa 1
318,10,14,Cuauhtémoc,Tarifa 1
319,10,15,Miguel Hidalgo,Tarifa 1
320,10,16,Venustiano Carranza,Tarifa 1
321,11,1,Abasolo,Tarifa 1
322,11,2,Acámbaro,Tarifa 1
323,11,3,San Miguel de Allende,Tarifa 1
324,11,4,Apaseo el Alto,Tarifa 1
325,11,5,Apaseo el Grande,Tarifa 1
326,11,6,Atarjea,Tarifa 1
327,11,7,Celaya,Tarifa 1
328,11,8,Manuel Doblado,Tarifa 1
329,11,9,Comonfort,Tarifa 1
330,11,10,Coroneo,Tarifa 1
331,11,11,Cortazar,Tarifa 1
332,11,12,Cuerámaro,Tarifa 1
333,11,13,Doctor Mora,Tarifa 1
334,11,14,Dolores Hidalgo Cuna de la Independencia Nacional,Tarifa 1
335,11,15,Guanajuato,Tarifa 1
336,11,16,Huanímaro,Tarifa 1
337,11,17,Irapuato,Tarifa 1
338,11,18,Jaral del Progreso,Tarifa 1
339,11,19,Jerécuaro,Tarifa 1
340,11,20,León,Tarifa 1
341,11,21,Moroleón,Tarifa 1
342,11,22,Ocampo,Tarifa 1
343,11,23,Pénjamo,Tarifa 1
344,11,24,Pueblo Nuevo,Tarifa 1
345,11,25,Purísima del Rincón,Tarifa 1
346,11,26,Romita,Tarifa 1
347,11,27,Salamanca,Tarifa 1
348,11,28,Salvatierra,Tarifa 1
349,11,29,San Diego de la Unión,Tarifa 1
350,11,30,San Felipe,Tarifa 1
351,11,31,San Francisco del Rincón,Tarifa 1
352,11,32,San José Iturbide,Tarifa 1
353,11,33,San Luis de la Paz,Tarifa 1
354,11,34,Santa Catarina,Tarifa 1
355,11,35,Santa Cruz de Juventino Rosas,Tarifa 1
356,11,36,Santiago Maravatío,Tarifa 1
357,11,37,Silao,Tarifa 1
358,11,38,Tarandacuao,Tarifa 1
359,11,39,Tarimoro,Tarifa 1
360,11,40,Tierra Blanca,Tarifa 1
361,11,41,Uriangato,Tarifa 1
362,11,42,Valle de Santiago,Tarifa 1
363,11,43,Victoria,Tarifa 1
364,11,44,Villagrán,Tarifa 1
365,11,45,Xichú,Tarifa 1
366,11,46,Yuriria,Tarifa 1
367,12,1,Acapulco de Juárez,Tarifa 1B
368,12,2,Ahuacuotzingo,Tarifa 1
369,12,3,Ajuchitlán del Progreso,Tarifa 1E
370,12,4,Alcozauca de Guerrero,Tarifa 1B
371,12,5,Alpoyeca,Tarifa 1B
372,12,6,Apaxtla,Tarifa 1A
373,12,7,Arcelia,Tarifa 1D
374,12,8,Atenango del Río,Tarifa 1C
375,12,9,Atlamajalcingo del Monte,Tarifa 1B
376,12,10,Atlixtac,Tarifa 1
377,12,11,Atoyac de Álvarez,Tarifa 1B
378,12,12,Ayutla de los Libres,Tarifa 1C
379,12,13,Azoyú,Tarifa 1B
380,12,14,Benito Juárez,Tarifa 1B
381,12,15,Buenavista de Cuéllar,Tarifa 1A
382,12,16,Coahuayutla de José María Izazaga,Tarifa 1B
383,12,17,Cocula,Tarifa 1B
384,12,18,Copala,Tarifa 1B
385,12,19,Copalillo,Tarifa 1B
386,12,20,Copanatoyac,Tarifa 1B
387,12,21,Coyuca de Benítez,Tarifa 1B
388,12,22,Coyuca de Catalán,Tarifa 1E
389,12,23,Cuajinicuilapa,Tarifa 1B
390,12,24,Cualác,Tarifa 1B
391,12,25,Cuautepec,Tarifa 1B
392,12,26,Cuetzala del Progreso,Tarifa 1A
393,12,27,Cutzamala de Pinzón,Tarifa 1E
394,12,28,Chilapa de Álvarez,Tarifa 1
395,12,29,Chilpancingo de los Bravo,Tarifa 1
396,12,30,Florencio Villarreal,Tarifa 1B
397,12,31,General Canuto A. Neri,Tarifa 1A
398,12,32,General Heliodoro Castillo,Tarifa 1A
399,12,33,Huamuxtitlán,Tarifa 1C
400,12,34,Huitzuco de los Figueroa,Tarifa 1B
401,12,35,Iguala de la Independencia,Tarifa 1B
402,12,36,Igualapa,Tarifa 1B
403,12,37,Ixcateopan de Cuauhtémoc,Tarifa 1
404,12,38,Zihuatanejo de Azueta,Tarifa 1B
405,12,39,Juan R. Escudero,Tarifa 1C
406,12,40,Leonardo Bravo,Tarifa 1A
407,12,41,Malinaltepec,Tarifa 1B
408,12,42,Mártir de Cuilapan,Tarifa 1B
409,12,43,Metlatónoc,Tarifa 1B
410,12,44,Mochitlán,Tarifa 1A
411,12,45,Olinalá,Tarifa 1B
412,12,46,Ometepec,Tarifa 1B
413,12,47,Pedro Ascencio Alquisiras,Tarifa 1D
414,12,48,Petatlán,Tarifa 1B
415,12,49,Pilcaya,Tarifa 1A
416,12,50,Pungarabato,Tarifa 1F
417,12,51,Quechultenango,Tarifa 1A
418,12,52,San Luis Acatlán,Tarifa 1B
419,12,53,San Marcos,Tarifa 1C
420,12,54,San Miguel Totolapan,Tarifa 1D
421,12,55,Taxco de Alarcón,Tarifa 1
422,12,56,Tecoanapa,Tarifa 1C
423,12,57,Técpan de Galeana,Tarifa 1B
424,12,58,Teloloapan,Tarifa 1A
425,12,59,Tepecoacuilco de Trujano,Tarifa 1B
426,12,60,Tetipac,Tarifa 1
427,12,61,Tixtla de Guerrero,Tarifa 1A
428,12,62,Tlacoachistlahuaca,Tarifa 1B
429,12,63,Tlacoapa,Tarifa 1B
430,12,64,Tlalchapa,Tarifa 1D
431,12,65,Tlalixtaquilla de Maldonado,Tarifa 1B
432,12,66,Tlapa de Comonfort,Tarifa 1B
433,12,67,Tlapehuala,Tarifa 1D
434,12,68,La Unión de Isidoro Montes de Oca,Tarifa 1B
435,12,69,Xalpatláhuac,Tarifa 1B
436,12,70,Xochihuehuetlán,Tarifa 1A
437,12,71,Xochistlahuaca,Tarifa 1B
438,12,72,Zapotitlán Tablas,Tarifa 1B
439,12,73,Zirándaro,Tarifa 1D
440,12,74,Zitlala,Tarifa 1
441,12,75,Eduardo Neri,Tarifa 1A
442,12,76,Acatepec,Tarifa 1B
443,12,77,Marquelia,Tarifa 1B
444,12,78,Cochoapa el Grande,Tarifa 1B
445,12,79,José Joaquín de Herrera,Tarifa 1
446,12,80,Juchitán,Tarifa 1B
447,12,81,Iliatenco,Tarifa 1B
448,13,1,Acatlán,Tarifa 1
449,13,2,Acaxochitlán,Tarifa 1
450,13,3,Actopan,Tarifa 1
451,13,4,Agua Blanca de Iturbide,Tarifa 1
452,13,5,Ajacuba,Tarifa 1
453,13,6,Alfajayucan,Tarifa 1
454,13,7,Almoloya,Tarifa 1
455,13,8,Apan,Tarifa 1
456,13,9,El Arenal,Tarifa 1
457,13,10,Atitalaquia,Tarifa 1
458,13,11,Atlapexco,Tarifa 1B
459,13,12,Atotonilco el Grande,Tarifa 1
460,13,13,Atotonilco de Tula,Tarifa 1
461,13,14,Calnali,Tarifa 1
462,13,15,Cardonal,Tarifa 1
463,13,16,Cuautepec de Hinojosa,Tarifa 1
464,13,17,Chapantongo,Tarifa 1
465,13,18,Chapulhuacán,Tarifa 1
466,13,19,Chilcuautla,Tarifa 1
467,13,20,Eloxochitlán,Tarifa 1
468,13,21,Emiliano Zapata,Tarifa 1
469,13,22,Epazoyucan,Tarifa 1
470,13,23,Francisco I. Madero,Tarifa 1
471,13,24,Huasca de Ocampo,Tarifa 1
472,13,25,Huautla,Tarifa 1B
473,13,26,Huazalingo,Tarifa 1B
474,13,27,Huehuetla,Tarifa 1A
475,13,28,Huejutla de Reyes,Tarifa 1B
476,13,29,Huichapan,Tarifa 1
477,13,30,Ixmiquilpan,Tarifa 1
478,13,31,Jacala de Ledezma,Tarifa 1
479,13,32,Jaltocán,Tarifa 1B
480,13,33,Juárez Hidalgo,Tarifa 1
481,13,34,Lolotla,Tarifa 1B
482,13,35,Metepec,Tarifa 1
483,13,36,San Agustín Metzquititlán,Tarifa 1
484,13,37,Metztitlán,Tarifa 1A
485,13,38,Mineral del Chico,Tarifa 1
486,13,39,Mineral del Monte,Tarifa 1
487,13,40,La Misión,Tarifa 1
488,13,41,Mixquiahuala de Juárez,Tarifa 1
489,13,42,Molango de Escamilla,Tarifa 1
490,13,43,Nicolás Flores,Tarifa 1
491,13,44,Nopala de Villagrán,Tarifa 1
492,13,45,Omitlán de Juárez,Tarifa 1
493,13,46,San Felipe Orizatlán,Tarifa 1B
494,13,47,Pacula,Tarifa 1
495,13,48,Pachuca de Soto,Tarifa 1
496,13,49,Pisaflores,Tarifa 1B
497,13,50,Progreso de Obregón,Tarifa 1
498,13,51,Mineral de la Reforma,Tarifa 1
499,13,52,San Agustín Tlaxiaca,Tarifa 1
500,13,53,San Bartolo Tutotepec,Tarifa 1
501,13,54,San Salvador,Tarifa 1
502,13,55,Santiago de Anaya,Tarifa 1
503,13,56,Santiago Tulantepec de Lugo Guerrero,Tarifa 1
504,13,57,Singuilucan,Tarifa 1
505,13,58,Tasquillo,Tarifa 1
506,13,59,Tecozautla,Tarifa 1
507,13,60,Tenango de Doria,Tarifa 1
508,13,61,Tepeapulco,Tarifa 1
509,13,62,Tepehuacán de Guerrero,Tarifa 1B
510,13,63,Tepeji del Río de Ocampo,Tarifa 1
511,13,64,Tepetitlán,Tarifa 1
512,13,65,Tetepango,Tarifa 1
513,13,66,Villa de Tezontepec,Tarifa 1
514,13,67,Tezontepec de Aldama,Tarifa 1
515,13,68,Tianguistengo,Tarifa 1
516,13,69,Tizayuca,Tarifa 1
517,13,70,Tlahuelilpan,Tarifa 1
518,13,71,Tlahuiltepa,Tarifa 1
519,13,72,Tlanalapa,Tarifa 1
520,13,73,Tlanchinol,Tarifa 1B
521,13,74,Tlaxcoapan,Tarifa 1
522,13,75,Tolcayuca,Tarifa 1
523,13,76,Tula de Allende,Tarifa 1
524,13,77,Tulancingo de Bravo,Tarifa 1
525,13,78,Xochiatipan,Tarifa 1B
526,13,79,Xochicoatlán,Tarifa 1
527,13,80,Yahualica,Tarifa 1B
528,13,81,Zacualtipán de Ángeles,Tarifa 1
529,13,82,Zapotlán de Juárez,Tarifa 1
530,13,83,Zempoala,Tarifa 1
531,13,84,Zimapán,Tarifa 1
532,14,1,Acatic,Tarifa 1
533,14,2,Acatlán de Juárez,Tarifa 1
534,14,3,Ahualulco de Mercado,Tarifa 1
535,14,4,Amacueca,Tarifa 1
536,14,5,Amatitán,Tarifa 1A
537,14,6,Ameca,Tarifa 1
538,14,7,San Juanito de Escobedo,Tarifa 1
539,14,8,Arandas,Tarifa 1
540,14,9,El Arenal,Tarifa 1
541,14,10,Atemajac de Brizuela,Tarifa 1
542,14,11,Atengo,Tarifa 1
543,14,12,Atenguillo,Tarifa 1
544,14,13,Atotonilco el Alto,Tarifa 1
545,14,14,Atoyac,Tarifa 1
546,14,15,Autlán de Navarro,Tarifa 1A
547,14,16,Ayotlán,Tarifa 1
548,14,17,Ayutla,Tarifa 1
549,14,18,La Barca,Tarifa 1
550,14,19,Bolaños,Tarifa 1
551,14,20,Cabo Corrientes,Tarifa 1
552,14,21,Casimiro Castillo,Tarifa 1A
553,14,22,Cihuatlán,Tarifa 1B
554,14,23,Zapotlán el Grande,Tarifa 1
555,14,24,Cocula,Tarifa 1
556,14,25,Colotlán,Tarifa 1
557,14,26,Concepción de Buenos Aires,Tarifa 1
558,14,27,Cuautitlán de García Barragán,Tarifa 1A
559,14,28,Cuautla,Tarifa 1
560,14,29,Cuquío,Tarifa 1
561,14,30,Chapala,Tarifa 1
562,14,31,Chimaltitán,Tarifa 1
563,14,32,Chiquilistlán,Tarifa 1
564,14,33,Degollado,Tarifa 1
565,14,34,Ejutla,Tarifa 1A
566,14,35,Encarnación de Díaz,Tarifa 1
567,14,36,Etzatlán,Tarifa 1
568,14,37,El Grullo,Tarifa 1A
569,14,38,Guachinango,Tarifa 1
570,14,39,Guadalajara,Tarifa 1
571,14,40,Hostotipaquillo,Tarifa 1A
572,14,41,Huejúcar,Tarifa 1
573,14,42,Huejuquilla el Alto,Tarifa 1
574,14,43,La Huerta,Tarifa 1A
575,14,44,Ixtlahuacán de los Membrillos,Tarifa 1
576,14,45,Ixtlahuacán del Río,Tarifa 1
577,14,46,Jalostotitlán,Tarifa 1
578,14,47,Jamay,Tarifa 1
579,14,48,Jesús María,Tarifa 1
580,14,49,Jilotlán de los Dolores,Tarifa 1B
581,14,50,Jocotepec,Tarifa 1
582,14,51,Juanacatlán,Tarifa 1
583,14,52,Juchitlán,Tarifa 1
584,14,53,Lagos de Moreno,Tarifa 1
585,14,54,El Limón,Tarifa 1A
586,14,55,Magdalena,Tarifa 1
587,14,56,Santa María del Oro,Tarifa 1
588,14,57,La Manzanilla de la Paz,Tarifa 1
589,14,58,Mascota,Tarifa 1A
590,14,59,Mazamitla,Tarifa 1
591,14,60,Mexticacán,Tarifa 1
592,14,61,Mezquitic,Tarifa 1
593,14,62,Mixtlán,Tarifa 1
594,14,63,Ocotlán,Tarifa 1
595,14,64,Ojuelos de Jalisco,Tarifa 1
596,14,65,Pihuamo,Tarifa 1
597,14,66,Poncitlán,Tarifa 1
598,14,67,Puerto Vallarta,Tarifa 1B
599,14,68,Villa Purificación,Tarifa 1A
600,14,69,Quitupan,Tarifa 1
601,14,70,El Salto,Tarifa 1
602,14,71,San Cristóbal de la Barranca,Tarifa 1
603,14,72,San Diego de Alejandría,Tarifa 1
604,14,73,San Juan de los Lagos,Tarifa 1
605,14,74,San Julián,Tarifa 1
606,14,75,San Marcos,Tarifa 1
607,14,76,San Martín de Bolaños,Tarifa 1
608,14,77,San Martín Hidalgo,Tarifa 1
609,14,78,San Miguel el Alto,Tarifa 1
610,14,79,Gómez Farías,Tarifa 1
611,14,80,San Sebastián del Oeste,Tarifa 1B
612,14,81,Santa María de los Ángeles,Tarifa 1
613,14,82,Sayula,Tarifa 1
614,14,83,Tala,Tarifa 1
615,14,84,Talpa de Allende,Tarifa 1A
616,14,85,Tamazula de Gordiano,Tarifa 1
617,14,86,Tapalpa,Tarifa 1
618,14,87,Tecalitlán,Tarifa 1
619,14,88,Tecolotlán,Tarifa 1
620,14,89,Techaluta de Montenegro,Tarifa 1
621,14,90,Tenamaxtlán,Tarifa 1A
622,14,91,Teocaltiche,Tarifa 1
623,14,92,Teocuitatlán de Corona,Tarifa 1
624,14,93,Tepatitlán de Morelos,Tarifa 1
625,14,94,Tequila,Tarifa 1
626,14,95,Teuchitlán,Tarifa 1
627,14,96,Tizapán el Alto,Tarifa 1
628,14,97,Tlajomulco de Zúñiga,Tarifa 1
629,14,98,Tlaquepaque,Tarifa 1
630,14,99,Tolimán,Tarifa 1
631,14,100,Tomatlán,Tarifa 1B
632,14,101,Tonalá,Tarifa 1
633,14,102,Tonaya,Tarifa 1A
634,14,103,Tonila,Tarifa 1
635,14,104,Totatiche,Tarifa 1
636,14,105,Tototlán,Tarifa 1
637,14,106,Tuxcacuesco,Tarifa 1
638,14,107,Tuxcueca,Tarifa 1
639,14,108,Tuxpan,Tarifa 1
640,14,109,Unión de San Antonio,Tarifa 1
641,14,110,Unión de Tula,Tarifa 1A
642,14,111,Valle de Guadalupe,Tarifa 1
643,14,112,Valle de Juárez,Tarifa 1
644,14,113,San Gabriel,Tarifa 1
645,14,114,Villa Corona,Tarifa 1
646,14,115,Villa Guerrero,Tarifa 1
647,14,116,Villa Hidalgo,Tarifa 1
648,14,117,Cañadas de Obregón,Tarifa 1
649,14,118,Yahualica de González Gallo,Tarifa 1
650,14,119,Zacoalco de Torres,Tarifa 1
651,14,120,Zapopan,Tarifa 1
652,14,121,Zapotiltic,Tarifa 1
653,14,122,Zapotitlán de Vadillo,Tarifa 1
654,14,123,Zapotlán del Rey,Tarifa 1
655,14,124,Zapotlanejo,Tarifa 1
656,14,125,San Ignacio Cerro Gordo,Tarifa 1A
657,15,1,Acambay,Tarifa 1
658,15,2,Acolman,Tarifa 1
659,15,3,Aculco,Tarifa 1
660,15,4,Almoloya de Alquisiras,Tarifa 1
661,15,5,Almoloya de Juárez,Tarifa 1
662,15,6,Almoloya del Río,Tarifa 1
663,15,7,Amanalco,Tarifa 1
664,15,8,Amatepec,Tarifa 1
665,15,9,Amecameca,Tarifa 1
666,15,10,Apaxco,Tarifa 1
667,15,11,Atenco,Tarifa 1
668,15,12,Atizapán,Tarifa 1
669,15,13,Atizapán de Zaragoza,Tarifa 1
670,15,14,Atlacomulco,Tarifa 1
671,15,15,Atlautla,Tarifa 1
672,15,16,Axapusco,Tarifa 1
673,15,17,Ayapango,Tarifa 1
674,15,18,Calimaya,Tarifa 1
675,15,19,Capulhuac,Tarifa 1
676,15,20,Coacalco de Berriozábal,Tarifa 1
677,15,21,Coatepec Harinas,Tarifa 1
678,15,22,Cocotitlán,Tarifa 1
679,15,23,Coyotepec,Tarifa 1
680,15,24,Cuautitlán,Tarifa 1
681,15,25,Chalco,Tarifa 1
682,15,26,Chapa de Mota,Tarifa 1
683,15,27,Chapultepec,Tarifa 1
684,15,28,Chiautla,Tarifa 1
685,15,29,Chicoloapan,Tarifa 1
686,15,30,Chiconcuac,Tarifa 1
687,15,31,Chimalhuacán,Tarifa 1
688,15,32,Donato Guerra,Tarifa 1
689,15,33,Ecatepec de Morelos,Tarifa 1
690,15,34,Ecatzingo,Tarifa 1
691,15,35,Huehuetoca,Tarifa 1
692,15,36,Hueypoxtla,Tarifa 1
693,15,37,Huixquilucan,Tarifa 1
694,15,38,Isidro Fabela,Tarifa 1
695,15,39,Ixtapaluca,Tarifa 1
696,15,40,Ixtapan de la Sal,Tarifa 1
697,15,41,Ixtapan del Oro,Tarifa 1
698,15,42,Ixtlahuaca,Tarifa 1
699,15,43,Xalatlaco,Tarifa 1
700,15,44,Jaltenco,Tarifa 1
701,15,45,Jilotepec,Tarifa 1
702,15,46,Jilotzingo,Tarifa 1
703,15,47,Jiquipilco,Tarifa 1
704,15,48,Jocotitlán,Tarifa 1
705,15,49,Joquicingo,Tarifa 1
706,15,50,Juchitepec,Tarifa 1
707,15,51,Lerma,Tarifa 1
708,15,52,Malinalco,Tarifa 1
709,15,53,Melchor Ocampo,Tarifa 1
710,15,54,Metepec,Tarifa 1
711,15,55,Mexicaltzingo,Tarifa 1
712,15,56,Morelos,Tarifa 1
713,15,57,Naucalpan de Juárez,Tarifa 1
714,15,58,Nezahualcóyotl,Tarifa 1
715,15,59,Nextlalpan,Tarifa 1
716,15,60,Nicolás Romero,Tarifa 1
717,15,61,Nopaltepec,Tarifa 1
718,15,62,Ocoyoacac,Tarifa 1
719,15,63,Ocuilan,Tarifa 1
720,15,64,El Oro,Tarifa 1
721,15,65,Otumba,Tarifa 1
722,15,66,Otzoloapan,Tarifa 1
723,15,67,Otzolotepec,Tarifa 1
724,15,68,Ozumba,Tarifa 1
725,15,69,Papalotla,Tarifa 1
726,15,70,La Paz,Tarifa 1
727,15,71,Polotitlán,Tarifa 1
728,15,72,Rayón,Tarifa 1
729,15,73,San Antonio la Isla,Tarifa 1
730,15,74,San Felipe del Progreso,Tarifa 1
731,15,75,San Martín de las Pirámides,Tarifa 1
732,15,76,San Mateo Atenco,Tarifa 1
733,15,77,San Simón de Guerrero,Tarifa 1
734,15,78,Santo Tomás,Tarifa 1
735,15,79,Soyaniquilpan de Juárez,Tarifa 1
736,15,80,Sultepec,Tarifa 1
737,15,81,Tecámac,Tarifa 1
738,15,82,Tejupilco,Tarifa 1
739,15,83,Temamatla,Tarifa 1
740,15,84,Temascalapa,Tarifa 1
741,15,85,Temascalcingo,Tarifa 1
742,15,86,Temascaltepec,Tarifa 1
743,15,87,Temoaya,Tarifa 1
744,15,88,Tenancingo,Tarifa 1
745,15,89,Tenango del Aire,Tarifa 1
746,15,90,Tenango del Valle,Tarifa 1
747,15,91,Teoloyucan,Tarifa 1
748,15,92,Teotihuacán,Tarifa 1
749,15,93,Tepetlaoxtoc,Tarifa 1
750,15,94,Tepetlixpa,Tarifa 1
751,15,95,Tepotzotlán,Tarifa 1
752,15,96,Tequixquiac,Tarifa 1
753,15,97,Texcaltitlán,Tarifa 1
754,15,98,Texcalyacac,Tarifa 1
755,15,99,Texcoco,Tarifa 1
756,15,100,Tezoyuca,Tarifa 1
757,15,101,Tianguistenco,Tarifa 1
758,15,102,Timilpan,Tarifa 1
759,15,103,Tlalmanalco,Tarifa 1
760,15,104,Tlalnepantla de Baz,Tarifa 1
761,15,105,Tlatlaya,Tarifa 1
762,15,106,Toluca,Tarifa 1
763,15,107,Tonatico,Tarifa 1
764,15,108,Tultepec,Tarifa 1
765,15,109,Tultitlán,Tarifa 1
766,15,110,Valle de Bravo,Tarifa 1
767,15,111,Villa de Allende,Tarifa 1
768,15,112,Villa del Carbón,Tarifa 1
769,15,113,Villa Guerrero,Tarifa 1
770,15,114,Villa Victoria,Tarifa 1
771,15,115,Xonacatlán,Tarifa 1
772,15,116,Zacazonapan,Tarifa 1
773,15,117,Zacualpan,Tarifa 1
774,15,118,Zinacantepec,Tarifa 1
775,15,119,Zumpahuacán,Tarifa 1
776,15,120,Zumpango,Tarifa 1
777,15,121,Cuautitlán Izcalli,Tarifa 1
778,15,122,Valle de Chalco Solidaridad,Tarifa 1
779,15,123,Luvianos,Tarifa 1
780,15,124,San José del Rincón,Tarifa 1
781,15,125,Tonanitla,Tarifa 1
782,16,1,Acuitzio,Tarifa 1
783,16,2,Aguililla,Tarifa 1
784,16,3,Álvaro Obregón,Tarifa 1
785,16,4,Angamacutiro,Tarifa 1
786,16,5,Angangueo,Tarifa 1
787,16,6,Apatzingán,Tarifa 1D
788,16,7,Aporo,Tarifa 1
789,16,8,Aquila,Tarifa 1A
790,16,9,Ario,Tarifa 1
791,16,10,Arteaga,Tarifa 1
792,16,11,Briseñas,Tarifa 1
793,16,12,Buenavista,Tarifa 1C
794,16,13,Carácuaro,Tarifa 1A
795,16,14,Coahuayana,Tarifa 1B
796,16,15,Coalcomán de Vázquez Pallares,Tarifa 1
797,16,16,Coeneo,Tarifa 1
798,16,17,Contepec,Tarifa 1
799,16,18,Copándaro,Tarifa 1
800,16,19,Cotija,Tarifa 1A
801,16,20,Cuitzeo,Tarifa 1
802,16,21,Charapan,Tarifa 1
803,16,22,Charo,Tarifa 1
804,16,23,Chavinda,Tarifa 1
805,16,24,Cherán,Tarifa 1
806,16,25,Chilchota,Tarifa 1
807,16,26,Chinicuila,Tarifa 1A
808,16,27,Chucándiro,Tarifa 1
809,16,28,Churintzio,Tarifa 1
810,16,29,Churumuco,Tarifa 1C
811,16,30,Ecuandureo,Tarifa 1
812,16,31,Epitacio Huerta,Tarifa 1
813,16,32,Erongarícuaro,Tarifa 1
814,16,33,Gabriel Zamora,Tarifa 1C
815,16,34,Hidalgo,Tarifa 1
816,16,35,La Huacana,Tarifa 1D
817,16,36,Huandacareo,Tarifa 1
818,16,37,Huaniqueo,Tarifa 1
819,16,38,Huetamo,Tarifa 1C
820,16,39,Huiramba,Tarifa 1
821,16,40,Indaparapeo,Tarifa 1
822,16,41,Irimbo,Tarifa 1
823,16,42,Ixtlán,Tarifa 1
824,16,43,Jacona,Tarifa 1
825,16,44,Jiménez,Tarifa 1
826,16,45,Jiquilpan,Tarifa 1
827,16,46,Juárez,Tarifa 1
828,16,47,Jungapeo,Tarifa 1
829,16,48,Lagunillas,Tarifa 1
830,16,49,Madero,Tarifa 1
831,16,50,Maravatío,Tarifa 1
832,16,51,Marcos Castellanos,Tarifa 1
833,16,52,Lázaro Cárdenas,Tarifa 1B
834,16,53,Morelia,Tarifa 1
835,16,54,Morelos,Tarifa 1
836,16,55,Múgica,Tarifa 1D
837,16,56,Nahuatzen,Tarifa 1
838,16,57,Nocupétaro,Tarifa 1A
839,16,58,Nuevo Parangaricutiro,Tarifa 1
840,16,59,Nuevo Urecho,Tarifa 1A
841,16,60,Numarán,Tarifa 1
842,16,61,Ocampo,Tarifa 1
843,16,62,Pajacuarán,Tarifa 1
844,16,63,Panindícuaro,Tarifa 1
845,16,64,Parácuaro,Tarifa 1
846,16,65,Paracho,Tarifa 1
847,16,66,Pátzcuaro,Tarifa 1
848,16,67,Penjamillo,Tarifa 1D
849,16,68,Peribán,Tarifa 1
850,16,69,La Piedad,Tarifa 1
851,16,70,Purépero,Tarifa 1
852,16,71,Puruándiro,Tarifa 1
853,16,72,Queréndaro,Tarifa 1
854,16,73,Quiroga,Tarifa 1
855,16,74,Cojumatlán de Régules,Tarifa 1
856,16,75,Los Reyes,Tarifa 1
857,16,76,Sahuayo,Tarifa 1
858,16,77,San Lucas,Tarifa 1
859,16,78,Santa Ana Maya,Tarifa 1
860,16,79,Salvador Escalante,Tarifa 1C
861,16,80,Senguio,Tarifa 1
862,16,81,Susupuato,Tarifa 1
863,16,82,Tacámbaro,Tarifa 1
864,16,83,Tancítaro,Tarifa 1
865,16,84,Tangamandapio,Tarifa 1
866,16,85,Tangancícuaro,Tarifa 1
867,16,86,Tanhuato,Tarifa 1
868,16,87,Taretan,Tarifa 1
869,16,88,Tarímbaro,Tarifa 1
870,16,89,Tepalcatepec,Tarifa 1C
871,16,90,Tingambato,Tarifa 1
872,16,91,Tingüindín,Tarifa 1
873,16,92,Tiquicheo de Nicolás Romero,Tarifa 1D
874,16,93,Tlalpujahua,Tarifa 1
875,16,94,Tlazazalca,Tarifa 1
876,16,95,Tocumbo,Tarifa 1
877,16,96,Tumbiscatío,Tarifa 1B
878,16,97,Turicato,Tarifa 1A
879,16,98,Tuxpan,Tarifa 1
880,16,99,Tuzantla,Tarifa 1A
881,16,100,Tzintzuntzan,Tarifa 1
882,16,101,Tzitzio,Tarifa 1
883,16,102,Uruapan,Tarifa 1
884,16,103,Venustiano Carranza,Tarifa 1
885,16,104,Villamar,Tarifa 1
886,16,105,Vista Hermosa,Tarifa 1
887,16,106,Yurécuaro,Tarifa 1
888,16,107,Zacapu,Tarifa 1
889,16,108,Zamora,Tarifa 1
890,16,109,Zináparo,Tarifa 1
891,16,110,Zinapécuaro,Tarifa 1
892,16,111,Ziracuaretiro,Tarifa 1
893,16,112,Zitácuaro,Tarifa 1
894,16,113,José Sixto Verduzco,Tarifa 1
895,17,1,Amacuzac,Tarifa 1A
896,17,2,Atlatlahucan,Tarifa 1A
897,17,3,Axochiapan,Tarifa 1A
898,17,4,Ayala,Tarifa 1A
899,17,5,Coatlán del Río,Tarifa 1A
900,17,6,Cuautla,Tarifa 1A
901,17,7,Cuernavaca,Tarifa 1
902,17,8,Emiliano Zapata,Tarifa 1A
903,17,9,Huitzilac,Tarifa 1A
904,17,10,Jantetelco,Tarifa 1A
905,17,11,Jiutepec,Tarifa 1A
906,17,12,Jojutla,Tarifa 1A
907,17,13,Jonacatepec,Tarifa 1A
908,17,14,Mazatepec,Tarifa 1A
909,17,15,Miacatlán,Tarifa 1A
910,17,16,Ocuituco,Tarifa 1A
911,17,17,Puente de Ixtla,Tarifa 1A
912,17,18,Temixco,Tarifa 1A
913,17,19,Tepalcingo,Tarifa 1A
914,17,20,Tepoztlán,Tarifa 1A
915,17,21,Tetecala,Tarifa 1A
916,17,22,Tetela del Volcán,Tarifa 1A
917,17,23,Tlalnepantla,Tarifa 1A
918,17,24,Tlaltizapán de Zapata,Tarifa 1A
919,17,25,Tlaquiltenango,Tarifa 1A
920,17,26,Tlayacapan,Tarifa 1A
921,17,27,Totolapan,Tarifa 1A
922,17,28,Xochitepec,Tarifa 1A
923,17,29,Yautepec,Tarifa 1A
924,17,30,Yecapixtla,Tarifa 1A
925,17,31,Zacatepec,Tarifa 1A
926,17,32,Zacualpan,Tarifa 1A
927,17,33,Temoac,Tarifa 1A
928,18,1,Acaponeta,Tarifa 1B
929,18,2,Ahuacatlán,Tarifa 1A
930,18,3,Amatlán de Cañas,Tarifa 1B
931,18,4,Compostela,Tarifa 1B
932,18,5,Huajicori,Tarifa 1B
933,18,6,Ixtlán del Río,Tarifa 1A
934,18,7,Jala,Tarifa 1A
935,18,8,Xalisco,Tarifa 1A
936,18,9,Del Nayar,Tarifa 1
937,18,10,Rosamorada,Tarifa 1B
938,18,11,Ruíz,Tarifa 1B
939,18,12,San Blas,Tarifa 1B
940,18,13,San Pedro Lagunillas,Tarifa 1
941,18,14,Santa María del Oro,Tarifa 1A
942,18,15,Santiago Ixcuintla,Tarifa 1B
943,18,16,Tecuala,Tarifa 1B
944,18,17,Tepic,Tarifa 1A
945,18,18,Tuxpan,Tarifa 1B
946,18,19,La Yesca,Tarifa 1
947,18,20,Bahía de Banderas,Tarifa 1B
948,19,1,Abasolo,Tarifa 1C
949,19,2,Agualeguas,Tarifa 1C
950,19,3,Los Aldamas,Tarifa 1E
951,19,4,Allende,Tarifa 1B
952,19,5,Anáhuac,Tarifa 1E
953,19,6,Apodaca,Tarifa 1C
954,19,7,Aramberri,Tarifa 1
955,19,8,Bustamante,Tarifa 1B
956,19,9,Cadereyta Jiménez,Tarifa 1C
957,19,10,Carmen,Tarifa 1C
958,19,11,Cerralvo,Tarifa 1B
959,19,12,Ciénega de Flores,Tarifa 1C
960,19,13,China,Tarifa 1D
961,19,14,Dr. Arroyo,Tarifa 1
962,19,15,Dr. Coss,Tarifa 1E
963,19,16,Dr. González,Tarifa 1B
964,19,17,Galeana,Tarifa 1
965,19,18,García,Tarifa 1C
966,19,19,San Pedro Garza García,Tarifa 1C
967,19,20,Gral. Bravo,Tarifa 1D
968,19,21,Gral. Escobedo,Tarifa 1C
969,19,22,Gral. Terán,Tarifa 1C
970,19,23,Gral. Treviño,Tarifa 1C
971,19,24,Gral. Zaragoza,Tarifa 1
972,19,25,Gral. Zuazua,Tarifa 1C
973,19,26,Guadalupe,Tarifa 1C
974,19,27,Los Herreras,Tarifa 1D
975,19,28,Higueras,Tarifa 1B
976,19,29,Hualahuises,Tarifa 1C
977,19,30,Iturbide,Tarifa 1
978,19,31,Juárez,Tarifa 1C
979,19,32,Lampazos de Naranjo,Tarifa 1D
980,19,33,Linares,Tarifa 1C
981,19,34,Marín,Tarifa 1B
982,19,35,Melchor Ocampo,Tarifa 1B
983,19,36,Mier y Noriega,Tarifa 1
984,19,37,Mina,Tarifa 1B
985,19,38,Montemorelos,Tarifa 1C
986,19,39,Monterrey,Tarifa 1C
987,19,40,Parás,Tarifa 1D
988,19,41,Pesquería,Tarifa 1C
989,19,42,Los Ramones,Tarifa 1E
990,19,43,Rayones,Tarifa 1B
991,19,44,Sabinas Hidalgo,Tarifa 1C
992,19,45,Salinas Victoria,Tarifa 1C
993,19,46,San Nicolás de los Garza,Tarifa 1C
994,19,47,Hidalgo,Tarifa 1C
995,19,48,Santa Catarina,Tarifa 1C
996,19,49,Santiago,Tarifa 1B
997,19,50,Vallecillo,Tarifa 1D
998,19,51,Villaldama,Tarifa 1B
999,20,1,Abejones,
1000,20,2,Acatlán de Pérez Figueroa,
1001,20,3,Asunción Cacalotepec,
1002,20,4,Asunción Cuyotepeji,
1003,20,5,Asunción Ixtaltepec,
1004,20,6,Asunción Nochixtlán,
1005,20,7,Asunción Ocotlán,
1006,20,8,Asunción Tlacolulita,
1007,20,9,Ayotzintepec,
1008,20,10,El Barrio de la Soledad,
1009,20,11,Calihualá,
1010,20,12,Candelaria Loxicha,
1011,20,13,Ciénega de Zimatlán,
1012,20,14,Ciudad Ixtepec,
1013,20,15,Coatecas Altas,
1014,20,16,Coicoyán de las Flores,
1015,20,17,La Compañía,
1016,20,18,Concepción Buenavista,
1017,20,19,Concepción Pápalo,
1018,20,20,Constancia del Rosario,
1019,20,21,Cosolapa,
1020,20,22,Cosoltepec,
1021,20,23,Cuilápam de Guerrero,
1022,20,24,Cuyamecalco Villa de Zaragoza,
1023,20,25,Chahuites,
1024,20,26,Chalcatongo de Hidalgo,
1025,20,27,Chiquihuitlán de Benito Juárez,
1026,20,28,Heroica Ciudad de Ejutla de Crespo,
1027,20,29,Eloxochitlán de Flores Magón,
1028,20,30,El Espinal,
1029,20,31,Tamazulápam del Espíritu Santo,
1030,20,32,Fresnillo de Trujano,
1031,20,33,Guadalupe Etla,
1032,20,34,Guadalupe de Ramírez,
1033,20,35,Guelatao de Juárez,
1034,20,36,Guevea de Humboldt,
1035,20,37,Mesones Hidalgo,
1036,20,38,Villa Hidalgo,
1037,20,39,Heroica Ciudad de Huajuapan de León,
1038,20,40,Huautepec,
1039,20,41,Huautla de Jiménez,
1040,20,42,Ixtlán de Juárez,
1041,20,43,Heroica Ciudad de Juchitán de Zaragoza,
1042,20,44,Loma Bonita,
1043,20,45,Magdalena Apasco,
1044,20,46,Magdalena Jaltepec,
1045,20,47,Santa Magdalena Jicotlán,
1046,20,48,Magdalena Mixtepec,
1047,20,49,Magdalena Ocotlán,
1048,20,50,Magdalena Peñasco,
1049,20,51,Magdalena Teitipac,
1050,20,52,Magdalena Tequisistlán,
1051,20,53,Magdalena Tlacotepec,
1052,20,54,Magdalena Zahuatlán,
1053,20,55,Mariscala de Juárez,
1054,20,56,Mártires de Tacubaya,
1055,20,57,Matías Romero Avendaño,
1056,20,58,Mazatlán Villa de Flores,
1057,20,59,Miahuatlán de Porfirio Díaz,
1058,20,60,Mixistlán de la Reforma,
1059,20,61,Monjas,
1060,20,62,Natividad,
1061,20,63,Nazareno Etla,
1062,20,64,Nejapa de Madero,
1063,20,65,Ixpantepec Nieves,
1064,20,66,Santiago Niltepec,
1065,20,67,Oaxaca de Juárez,
1066,20,68,Ocotlán de Morelos,
1067,20,69,La Pe,
1068,20,70,Pinotepa de Don Luis,
1069,20,71,Pluma Hidalgo,
1070,20,72,San José del Progreso,
1071,20,73,Putla Villa de Guerrero,
1072,20,74,Santa Catarina Quioquitani,
1073,20,75,Reforma de Pineda,
1074,20,76,La Reforma,
1075,20,77,Reyes Etla,
1076,20,78,Rojas de Cuauhtémoc,
1077,20,79,Salina Cruz,
1078,20,80,San Agustín Amatengo,
1079,20,81,San Agustín Atenango,
1080,20,82,San Agustín Chayuco,
1081,20,83,San Agustín de las Juntas,
1082,20,84,San Agustín Etla,
1083,20,85,San Agustín Loxicha,
1084,20,86,San Agustín Tlacotepec,
1085,20,87,San Agustín Yatareni,
1086,20,88,San Andrés Cabecera Nueva,
1087,20,89,San Andrés Dinicuiti,
1088,20,90,San Andrés Huaxpaltepec,
1089,20,91,San Andrés Huayápam,
1090,20,92,San Andrés Ixtlahuaca,
1091,20,93,San Andrés Lagunas,
1092,20,94,San Andrés Nuxiño,
1093,20,95,San Andrés Paxtlán,
1094,20,96,San Andrés Sinaxtla,
1095,20,97,San Andrés Solaga,
1096,20,98,San Andrés Teotilálpam,
1097,20,99,San Andrés Tepetlapa,
1098,20,100,San Andrés Yaá,
1099,20,101,San Andrés Zabache,
1100,20,102,San Andrés Zautla,
1101,20,103,San Antonino Castillo Velasco,
1102,20,104,San Antonino el Alto,
1103,20,105,San Antonino Monte Verde,
1104,20,106,San Antonio Acutla,
1105,20,107,San Antonio de la Cal,
1106,20,108,San Antonio Huitepec,
1107,20,109,San Antonio Nanahuatípam,
1108,20,110,San Antonio Sinicahua,
1109,20,111,San Antonio Tepetlapa,
1110,20,112,San Baltazar Chichicápam,
1111,20,113,San Baltazar Loxicha,
1112,20,114,San Baltazar Yatzachi el Bajo,
1113,20,115,San Bartolo Coyotepec,
1114,20,116,San Bartolomé Ayautla,
1115,20,117,San Bartolomé Loxicha,
1116,20,118,San Bartolomé Quialana,
1117,20,119,San Bartolomé Yucuañe,
1118,20,120,San Bartolomé Zoogocho,
1119,20,121,San Bartolo Soyaltepec,
1120,20,122,San Bartolo Yautepec,
1121,20,123,San Bernardo Mixtepec,
1122,20,124,San Blas Atempa,
1123,20,125,San Carlos Yautepec,
1124,20,126,San Cristóbal Amatlán,
1125,20,127,San Cristóbal Amoltepec,
1126,20,128,San Cristóbal Lachirioag,
1127,20,129,San Cristóbal Suchixtlahuaca,
1128,20,130,San Dionisio del Mar,
1129,20,131,San Dionisio Ocotepec,
1130,20,132,San Dionisio Ocotlán,
1131,20,133,San Esteban Atatlahuca,
1132,20,134,San Felipe Jalapa de Díaz,
1133,20,135,San Felipe Tejalápam,
1134,20,136,San Felipe Usila,
1135,20,137,San Francisco Cahuacuá,
1136,20,138,San Francisco Cajonos,
1137,20,139,San Francisco Chapulapa,
1138,20,140,San Francisco Chindúa,
1139,20,141,San Francisco del Mar,
1140,20,142,San Francisco Huehuetlán,
1141,20,143,San Francisco Ixhuatán,
1142,20,144,San Francisco Jaltepetongo,
1143,20,145,San Francisco Lachigoló,
1144,20,146,San Francisco Logueche,
1145,20,147,San Francisco Nuxaño,
1146,20,148,San Francisco Ozolotepec,
1147,20,149,San Francisco Sola,
1148,20,150,San Francisco Telixtlahuaca,
1149,20,151,San Francisco Teopan,
1150,20,152,San Francisco Tlapancingo,
1151,20,153,San Gabriel Mixtepec,
1152,20,154,San Ildefonso Amatlán,
1153,20,155,San Ildefonso Sola,
1154,20,156,San Ildefonso Villa Alta,
1155,20,157,San Jacinto Amilpas,
1156,20,158,San Jacinto Tlacotepec,
1157,20,159,San Jerónimo Coatlán,
1158,20,160,San Jerónimo Silacayoapilla,
1159,20,161,San Jerónimo Sosola,
1160,20,162,San Jerónimo Taviche,
1161,20,163,San Jerónimo Tecóatl,
1162,20,164,San Jorge Nuchita,
1163,20,165,San José Ayuquila,
1164,20,166,San José Chiltepec,
1165,20,167,San José del Peñasco,
1166,20,168,San José Estancia Grande,
1167,20,169,San José Independencia,
1168,20,170,San José Lachiguiri,
1169,20,171,San José Tenango,
1170,20,172,San Juan Achiutla,
1171,20,173,San Juan Atepec,
1172,20,174,Ánimas Trujano,
1173,20,175,San Juan Bautista Atatlahuca,
1174,20,176,San Juan Bautista Coixtlahuaca,
1175,20,177,San Juan Bautista Cuicatlán,
1176,20,178,San Juan Bautista Guelache,
1177,20,179,San Juan Bautista Jayacatlán,
1178,20,180,San Juan Bautista Lo de Soto,
1179,20,181,San Juan Bautista Suchitepec,
1180,20,182,San Juan Bautista Tlacoatzintepec,
1181,20,183,San Juan Bautista Tlachichilco,
1182,20,184,San Juan Bautista Tuxtepec,
1183,20,185,San Juan Cacahuatepec,
1184,20,186,San Juan Cieneguilla,
1185,20,187,San Juan Coatzóspam,
1186,20,188,San Juan Colorado,
1187,20,189,San Juan Comaltepec,
1188,20,190,San Juan Cotzocón,
1189,20,191,San Juan Chicomezúchil,
1190,20,192,San Juan Chilateca,
1191,20,193,San Juan del Estado,
1192,20,194,San Juan del Río,
1193,20,195,San Juan Diuxi,
1194,20,196,San Juan Evangelista Analco,
1195,20,197,San Juan Guelavía,
1196,20,198,San Juan Guichicovi,
1197,20,199,San Juan Ihualtepec,
1198,20,200,San Juan Juquila Mixes,
1199,20,201,San Juan Juquila Vijanos,
1200,20,202,San Juan Lachao,
1201,20,203,San Juan Lachigalla,
1202,20,204,San Juan Lajarcia,
1203,20,205,San Juan Lalana,
1204,20,206,San Juan de los Cués,
1205,20,207,San Juan Mazatlán,
1206,20,208,San Juan Mixtepec -Dto. 08 -,
1207,20,209,San Juan Mixtepec -Dto. 26 -,
1208,20,210,San Juan Ñumí,
1209,20,211,San Juan Ozolotepec,
1210,20,212,San Juan Petlapa,
1211,20,213,San Juan Quiahije,
1212,20,214,San Juan Quiotepec,
1213,20,215,San Juan Sayultepec,
1214,20,216,San Juan Tabaá,
1215,20,217,San Juan Tamazola,
1216,20,218,San Juan Teita,
1217,20,219,San Juan Teitipac,
1218,20,220,San Juan Tepeuxila,
1219,20,221,San Juan Teposcolula,
1220,20,222,San Juan Yaeé,
1221,20,223,San Juan Yatzona,
1222,20,224,San Juan Yucuita,
1223,20,225,San Lorenzo,
1224,20,226,San Lorenzo Albarradas,
1225,20,227,San Lorenzo Cacaotepec,
1226,20,228,San Lorenzo Cuaunecuiltitla,
1227,20,229,San Lorenzo Texmelúcan,
1228,20,230,San Lorenzo Victoria,
1229,20,231,San Lucas Camotlán,
1230,20,232,San Lucas Ojitlán,
1231,20,233,San Lucas Quiaviní,
1232,20,234,San Lucas Zoquiápam,
1233,20,235,San Luis Amatlán,
1234,20,236,San Marcial Ozolotepec,
1235,20,237,San Marcos Arteaga,
1236,20,238,San Martín de los Cansecos,
1237,20,239,San Martín Huamelúlpam,
1238,20,240,San Martín Itunyoso,
1239,20,241,San Martín Lachilá,
1240,20,242,San Martín Peras,
1241,20,243,San Martín Tilcajete,
1242,20,244,San Martín Toxpalan,
1243,20,245,San Martín Zacatepec,
1244,20,246,San Mateo Cajonos,
1245,20,247,Capulálpam de Méndez,
1246,20,248,San Mateo del Mar,
1247,20,249,San Mateo Yoloxochitlán,
1248,20,250,San Mateo Etlatongo,
1249,20,251,San Mateo Nejápam,
1250,20,252,San Mateo Peñasco,
1251,20,253,San Mateo Piñas,
1252,20,254,San Mateo Río Hondo,
1253,20,255,San Mateo Sindihui,
1254,20,256,San Mateo Tlapiltepec,
1255,20,257,San Melchor Betaza,
1256,20,258,San Miguel Achiutla,
1257,20,259,San Miguel Ahuehuetitlán,
1258,20,260,San Miguel Aloápam,
1259,20,261,San Miguel Amatitlán,
1260,20,262,San Miguel Amatlán,
1261,20,263,San Miguel Coatlán,
1262,20,264,San Miguel Chicahua,
1263,20,265,San Miguel Chimalapa,
1264,20,266,San Miguel del Puerto,
1265,20,267,San Miguel del Río,
1266,20,268,San Miguel Ejutla,
1267,20,269,San Miguel el Grande,
1268,20,270,San Miguel Huautla,
1269,20,271,San Miguel Mixtepec,
1270,20,272,San Miguel Panixtlahuaca,
1271,20,273,San Miguel Peras,
1272,20,274,San Miguel Piedras,
1273,20,275,San Miguel Quetzaltepec,
1274,20,276,San Miguel Santa Flor,
1275,20,277,Villa Sola de Vega,
1276,20,278,San Miguel Soyaltepec,
1277,20,279,San Miguel Suchixtepec,
1278,20,280,Villa Talea de Castro,
1279,20,281,San Miguel Tecomatlán,
1280,20,282,San Miguel Tenango,
1281,20,283,San Miguel Tequixtepec,
1282,20,284,San Miguel Tilquiápam,
1283,20,285,San Miguel Tlacamama,
1284,20,286,San Miguel Tlacotepec,
1285,20,287,San Miguel Tulancingo,
1286,20,288,San Miguel Yotao,
1287,20,289,San Nicolás,
1288,20,290,San Nicolás Hidalgo,
1289,20,291,San Pablo Coatlán,
1290,20,292,San Pablo Cuatro Venados,
1291,20,293,San Pablo Etla,
1292,20,294,San Pablo Huitzo,
1293,20,295,San Pablo Huixtepec,
1294,20,296,San Pablo Macuiltianguis,
1295,20,297,San Pablo Tijaltepec,
1296,20,298,San Pablo Villa de Mitla,
1297,20,299,San Pablo Yaganiza,
1298,20,300,San Pedro Amuzgos,
1299,20,301,San Pedro Apóstol,
1300,20,302,San Pedro Atoyac,
1301,20,303,San Pedro Cajonos,
1302,20,304,San Pedro Coxcaltepec Cántaros,
1303,20,305,San Pedro Comitancillo,
1304,20,306,San Pedro el Alto,
1305,20,307,San Pedro Huamelula,
1306,20,308,San Pedro Huilotepec,
1307,20,309,San Pedro Ixcatlán,
1308,20,310,San Pedro Ixtlahuaca,
1309,20,311,San Pedro Jaltepetongo,
1310,20,312,San Pedro Jicayán,
1311,20,313,San Pedro Jocotipac,
1312,20,314,San Pedro Juchatengo,
1313,20,315,San Pedro Mártir,
1314,20,316,San Pedro Mártir Quiechapa,
1315,20,317,San Pedro Mártir Yucuxaco,
1316,20,318,San Pedro Mixtepec -Dto. 22 -,
1317,20,319,San Pedro Mixtepec -Dto. 26 -,
1318,20,320,San Pedro Molinos,
1319,20,321,San Pedro Nopala,
1320,20,322,San Pedro Ocopetatillo,
1321,20,323,San Pedro Ocotepec,
1322,20,324,San Pedro Pochutla,
1323,20,325,San Pedro Quiatoni,
1324,20,326,San Pedro Sochiápam,
1325,20,327,San Pedro Tapanatepec,
1326,20,328,San Pedro Taviche,
1327,20,329,San Pedro Teozacoalco,
1328,20,330,San Pedro Teutila,
1329,20,331,San Pedro Tidaá,
1330,20,332,San Pedro Topiltepec,
1331,20,333,San Pedro Totolápam,
1332,20,334,Villa de Tututepec de Melchor Ocampo,
1333,20,335,San Pedro Yaneri,
1334,20,336,San Pedro Yólox,
1335,20,337,San Pedro y San Pablo Ayutla,
1336,20,338,Villa de Etla,
1337,20,339,San Pedro y San Pablo Teposcolula,
1338,20,340,San Pedro y San Pablo Tequixtepec,
1339,20,341,San Pedro Yucunama,
1340,20,342,San Raymundo Jalpan,
1341,20,343,San Sebastián Abasolo,
1342,20,344,San Sebastián Coatlán,
1343,20,345,San Sebastián Ixcapa,
1344,20,346,San Sebastián Nicananduta,
1345,20,347,San Sebastián Río Hondo,
1346,20,348,San Sebastián Tecomaxtlahuaca,
1347,20,349,San Sebastián Teitipac,
1348,20,350,San Sebastián Tutla,
1349,20,351,San Simón Almolongas,
1350,20,352,San Simón Zahuatlán,
1351,20,353,Santa Ana,
1352,20,354,Santa Ana Ateixtlahuaca,
1353,20,355,Santa Ana Cuauhtémoc,
1354,20,356,Santa Ana del Valle,
1355,20,357,Santa Ana Tavela,
1356,20,358,Santa Ana Tlapacoyan,
1357,20,359,Santa Ana Yareni,
1358,20,360,Santa Ana Zegache,
1359,20,361,Santa Catalina Quierí,
1360,20,362,Santa Catarina Cuixtla,
1361,20,363,Santa Catarina Ixtepeji,
1362,20,364,Santa Catarina Juquila,
1363,20,365,Santa Catarina Lachatao,
1364,20,366,Santa Catarina Loxicha,
1365,20,367,Santa Catarina Mechoacán,
1366,20,368,Santa Catarina Minas,
1367,20,369,Santa Catarina Quiané,
1368,20,370,Santa Catarina Tayata,
1369,20,371,Santa Catarina Ticuá,
1370,20,372,Santa Catarina Yosonotú,
1371,20,373,Santa Catarina Zapoquila,
1372,20,374,Santa Cruz Acatepec,
1373,20,375,Santa Cruz Amilpas,
1374,20,376,Santa Cruz de Bravo,
1375,20,377,Santa Cruz Itundujia,
1376,20,378,Santa Cruz Mixtepec,
1377,20,379,Santa Cruz Nundaco,
1378,20,380,Santa Cruz Papalutla,
1379,20,381,Santa Cruz Tacache de Mina,
1380,20,382,Santa Cruz Tacahua,
1381,20,383,Santa Cruz Tayata,
1382,20,384,Santa Cruz Xitla,
1383,20,385,Santa Cruz Xoxocotlán,
1384,20,386,Santa Cruz Zenzontepec,
1385,20,387,Santa Gertrudis,
1386,20,388,Santa Inés del Monte,
1387,20,389,Santa Inés Yatzeche,
1388,20,390,Santa Lucía del Camino,
1389,20,391,Santa Lucía Miahuatlán,
1390,20,392,Santa Lucía Monteverde,
1391,20,393,Santa Lucía Ocotlán,
1392,20,394,Santa María Alotepec,
1393,20,395,Santa María Apazco,
1394,20,396,Santa María la Asunción,
1395,20,397,Heroica Ciudad de Tlaxiaco,
1396,20,398,Ayoquezco de Aldama,
1397,20,399,Santa María Atzompa,
1398,20,400,Santa María Camotlán,
1399,20,401,Santa María Colotepec,
1400,20,402,Santa María Cortijo,
1401,20,403,Santa María Coyotepec,
1402,20,404,Santa María Chachoápam,
1403,20,405,Villa de Chilapa de Díaz,
1404,20,406,Santa María Chilchotla,
1405,20,407,Santa María Chimalapa,
1406,20,408,Santa María del Rosario,
1407,20,409,Santa María del Tule,
1408,20,410,Santa María Ecatepec,
1409,20,411,Santa María Guelacé,
1410,20,412,Santa María Guienagati,
1411,20,413,Santa María Huatulco,
1412,20,414,Santa María Huazolotitlán,
1413,20,415,Santa María Ipalapa,
1414,20,416,Santa María Ixcatlán,
1415,20,417,Santa María Jacatepec,
1416,20,418,Santa María Jalapa del Marqués,
1417,20,419,Santa María Jaltianguis,
1418,20,420,Santa María Lachixío,
1419,20,421,Santa María Mixtequilla,
1420,20,422,Santa María Nativitas,
1421,20,423,Santa María Nduayaco,
1422,20,424,Santa María Ozolotepec,
1423,20,425,Santa María Pápalo,
1424,20,426,Santa María Peñoles,
1425,20,427,Santa María Petapa,
1426,20,428,Santa María Quiegolani,
1427,20,429,Santa María Sola,
1428,20,430,Santa María Tataltepec,
1429,20,431,Santa María Tecomavaca,
1430,20,432,Santa María Temaxcalapa,
1431,20,433,Santa María Temaxcaltepec,
1432,20,434,Santa María Teopoxco,
1433,20,435,Santa María Tepantlali,
1434,20,436,Santa María Texcatitlán,
1435,20,437,Santa María Tlahuitoltepec,
1436,20,438,Santa María Tlalixtac,
1437,20,439,Santa María Tonameca,
1438,20,440,Santa María Totolapilla,
1439,20,441,Santa María Xadani,
1440,20,442,Santa María Yalina,
1441,20,443,Santa María Yavesía,
1442,20,444,Santa María Yolotepec,
1443,20,445,Santa María Yosoyúa,
1444,20,446,Santa María Yucuhiti,
1445,20,447,Santa María Zacatepec,
1446,20,448,Santa María Zaniza,
1447,20,449,Santa María Zoquitlán,
1448,20,450,Santiago Amoltepec,
1449,20,451,Santiago Apoala,
1450,20,452,Santiago Apóstol,
1451,20,453,Santiago Astata,
1452,20,454,Santiago Atitlán,
1453,20,455,Santiago Ayuquililla,
1454,20,456,Santiago Cacaloxtepec,
1455,20,457,Santiago Camotlán,
1456,20,458,Santiago Comaltepec,
1457,20,459,Santiago Chazumba,
1458,20,460,Santiago Choápam,
1459,20,461,Santiago del Río,
1460,20,462,Santiago Huajolotitlán,
1461,20,463,Santiago Huauclilla,
1462,20,464,Santiago Ihuitlán Plumas,
1463,20,465,Santiago Ixcuintepec,
1464,20,466,Santiago Ixtayutla,
1465,20,467,Santiago Jamiltepec,
1466,20,468,Santiago Jocotepec,
1467,20,469,Santiago Juxtlahuaca,
1468,20,470,Santiago Lachiguiri,
1469,20,471,Santiago Lalopa,
1470,20,472,Santiago Laollaga,
1471,20,473,Santiago Laxopa,
1472,20,474,Santiago Llano Grande,
1473,20,475,Santiago Matatlán,
1474,20,476,Santiago Miltepec,
1475,20,477,Santiago Minas,
1476,20,478,Santiago Nacaltepec,
1477,20,479,Santiago Nejapilla,
1478,20,480,Santiago Nundiche,
1479,20,481,Santiago Nuyoó,
1480,20,482,Santiago Pinotepa Nacional,
1481,20,483,Santiago Suchilquitongo,
1482,20,484,Santiago Tamazola,
1483,20,485,Santiago Tapextla,
1484,20,486,Villa Tejúpam de la Unión,
1485,20,487,Santiago Tenango,
1486,20,488,Santiago Tepetlapa,
1487,20,489,Santiago Tetepec,
1488,20,490,Santiago Texcalcingo,
1489,20,491,Santiago Textitlán,
1490,20,492,Santiago Tilantongo,
1491,20,493,Santiago Tillo,
1492,20,494,Santiago Tlazoyaltepec,
1493,20,495,Santiago Xanica,
1494,20,496,Santiago Xiacuí,
1495,20,497,Santiago Yaitepec,
1496,20,498,Santiago Yaveo,
1497,20,499,Santiago Yolomécatl,
1498,20,500,Santiago Yosondúa,
1499,20,501,Santiago Yucuyachi,
1500,20,502,Santiago Zacatepec,
1501,20,503,Santiago Zoochila,
1502,20,504,Nuevo Zoquiápam,
1503,20,505,Santo Domingo Ingenio,
1504,20,506,Santo Domingo Albarradas,
1505,20,507,Santo Domingo Armenta,
1506,20,508,Santo Domingo Chihuitán,
1507,20,509,Santo Domingo de Morelos,
1508,20,510,Santo Domingo Ixcatlán,
1509,20,511,Santo Domingo Nuxaá,
1510,20,512,Santo Domingo Ozolotepec,
1511,20,513,Santo Domingo Petapa,
1512,20,514,Santo Domingo Roayaga,
1513,20,515,Santo Domingo Tehuantepec,
1514,20,516,Santo Domingo Teojomulco,
1515,20,517,Santo Domingo Tepuxtepec,
1516,20,518,Santo Domingo Tlatayápam,
1517,20,519,Santo Domingo Tomaltepec,
1518,20,520,Santo Domingo Tonalá,
1519,20,521,Santo Domingo Tonaltepec,
1520,20,522,Santo Domingo Xagacía,
1521,20,523,Santo Domingo Yanhuitlán,
1522,20,524,Santo Domingo Yodohino,
1523,20,525,Santo Domingo Zanatepec,
1524,20,526,Santos Reyes Nopala,
1525,20,527,Santos Reyes Pápalo,
1526,20,528,Santos Reyes Tepejillo,
1527,20,529,Santos Reyes Yucuná,
1528,20,530,Santo Tomás Jalieza,
1529,20,531,Santo Tomás Mazaltepec,
1530,20,532,Santo Tomás Ocotepec,
1531,20,533,Santo Tomás Tamazulapan,
1532,20,534,San Vicente Coatlán,
1533,20,535,San Vicente Lachixío,
1534,20,536,San Vicente Nuñú,
1535,20,537,Silacayoápam,
1536,20,538,Sitio de Xitlapehua,
1537,20,539,Soledad Etla,
1538,20,540,Villa de Tamazulápam del Progreso,
1539,20,541,Tanetze de Zaragoza,
1540,20,542,Taniche,
1541,20,543,Tataltepec de Valdés,
1542,20,544,Teococuilco de Marcos Pérez,
1543,20,545,Teotitlán de Flores Magón,
1544,20,546,Teotitlán del Valle,
1545,20,547,Teotongo,
1546,20,548,Tepelmeme Villa de Morelos,
1547,20,549,Tezoatlán de Segura y Luna,
1548,20,550,San Jerónimo Tlacochahuaya,
1549,20,551,Tlacolula de Matamoros,
1550,20,552,Tlacotepec Plumas,
1551,20,553,Tlalixtac de Cabrera,
1552,20,554,Totontepec Villa de Morelos,
1553,20,555,Trinidad Zaachila,
1554,20,556,La Trinidad Vista Hermosa,
1555,20,557,Unión Hidalgo,
1556,20,558,Valerio Trujano,
1557,20,559,San Juan Bautista Valle Nacional,
1558,20,560,Villa Díaz Ordaz,
1559,20,561,Yaxe,
1560,20,562,Magdalena Yodocono de Porfirio Díaz,
1561,20,563,Yogana,
1562,20,564,Yutanduchi de Guerrero,
1563,20,565,Villa de Zaachila,
1564,20,566,San Mateo Yucutindó,
1565,20,567,Zapotitlán Lagunas,
1566,20,568,Zapotitlán Palmas,
1567,20,569,Santa Inés de Zaragoza,
1568,20,570,Zimatlán de Álvarez,
1569,21,1,Acajete,Tarifa 1
1570,21,2,Acateno,Tarifa 1
1571,21,3,Acatlán,Tarifa 1
1572,21,4,Acatzingo,Tarifa 1
1573,21,5,Acteopan,Tarifa 1A
1574,21,6,Ahuacatlán,Tarifa 1
1575,21,7,Ahuatlán,Tarifa 1
1576,21,8,Ahuazotepec,Tarifa 1
1577,21,9,Ahuehuetitla,Tarifa 1
1578,21,10,Ajalpan,Tarifa 1
1579,21,11,Albino Zertuche,Tarifa 1
1580,21,12,Aljojuca,Tarifa 1
1581,21,13,Altepexi,Tarifa 1
1582,21,14,Amixtlán,Tarifa 1
1583,21,15,Amozoc,Tarifa 1
1584,21,16,Aquixtla,Tarifa 1
1585,21,17,Atempan,Tarifa 1
1586,21,18,Atexcal,Tarifa 1
1587,21,19,Atlixco,Tarifa 1
1588,21,20,Atoyatempan,Tarifa 1
1589,21,21,Atzala,Tarifa 1
1590,21,22,Atzitzihuacán,Tarifa 1
1591,21,23,Atzitzintla,Tarifa 1
1592,21,24,Axutla,Tarifa 1
1593,21,25,Ayotoxco de Guerrero,Tarifa 1
1594,21,26,Calpan,Tarifa 1
1595,21,27,Caltepec,Tarifa 1
1596,21,28,Camocuautla,Tarifa 1
1597,21,29,Caxhuacan,Tarifa 1
1598,21,30,Coatepec,Tarifa 1
1599,21,31,Coatzingo,Tarifa 1
1600,21,32,Cohetzala,Tarifa 1
1601,21,33,Cohuecan,Tarifa 1A
1602,21,34,Coronango,Tarifa 1
1603,21,35,Coxcatlán,Tarifa 1
1604,21,36,Coyomeapan,Tarifa 1
1605,21,37,Coyotepec,Tarifa 1
1606,21,38,Cuapiaxtla de Madero,Tarifa 1
1607,21,39,Cuautempan,Tarifa 1
1608,21,40,Cuautinchán,Tarifa 1
1609,21,41,Cuautlancingo,Tarifa 1
1610,21,42,Cuayuca de Andrade,Tarifa 1
1611,21,43,Cuetzalan del Progreso,Tarifa 1
1612,21,44,Cuyoaco,Tarifa 1
1613,21,45,Chalchicomula de Sesma,Tarifa 1
1614,21,46,Chapulco,Tarifa 1
1615,21,47,Chiautla,Tarifa 1
1616,21,48,Chiautzingo,Tarifa 1
1617,21,49,Chiconcuautla,Tarifa 1
1618,21,50,Chichiquila,Tarifa 1
1619,21,51,Chietla,Tarifa 1
1620,21,52,Chigmecatitlán,Tarifa 1
1621,21,53,Chignahuapan,Tarifa 1
1622,21,54,Chignautla,Tarifa 1
1623,21,55,Chila,Tarifa 1
1624,21,56,Chila de la Sal,Tarifa 1
1625,21,57,Honey,Tarifa 1
1626,21,58,Chilchotla,Tarifa 1
1627,21,59,Chinantla,Tarifa 1
1628,21,60,Domingo Arenas,Tarifa 1
1629,21,61,Eloxochitlán,Tarifa 1
1630,21,62,Epatlán,Tarifa 1
1631,21,63,Esperanza,Tarifa 1
1632,21,64,Francisco Z. Mena,Tarifa 1
1633,21,65,General Felipe Ángeles,Tarifa 1
1634,21,66,Guadalupe,Tarifa 1
1635,21,67,Guadalupe Victoria,Tarifa 1
1636,21,68,Hermenegildo Galeana,Tarifa 1
1637,21,69,Huaquechula,Tarifa 1
1638,21,70,Huatlatlauca,Tarifa 1
1639,21,71,Huauchinango,Tarifa 1
1640,21,72,Huehuetla,Tarifa 1
1641,21,73,Huehuetlán el Chico,Tarifa 1
1642,21,74,Huejotzingo,Tarifa 1
1643,21,75,Hueyapan,Tarifa 1
1644,21,76,Hueytamalco,Tarifa 1
1645,21,77,Hueytlalpan,Tarifa 1
1646,21,78,Huitzilan de Serdán,Tarifa 1
1647,21,79,Huitziltepec,Tarifa 1
1648,21,80,Atlequizayan,Tarifa 1
1649,21,81,Ixcamilpa de Guerrero,Tarifa 1
1650,21,82,Ixcaquixtla,Tarifa 1
1651,21,83,Ixtacamaxtitlán,Tarifa 1
1652,21,84,Ixtepec,Tarifa 1
1653,21,85,Izúcar de Matamoros,Tarifa 1
1654,21,86,Jalpan,Tarifa 1
1655,21,87,Jolalpan,Tarifa 1
1656,21,88,Jonotla,Tarifa 1
1657,21,89,Jopala,Tarifa 1
1658,21,90,Juan C. Bonilla,Tarifa 1
1659,21,91,Juan Galindo,Tarifa 1
1660,21,92,Juan N. Méndez,Tarifa 1
1661,21,93,Lafragua,Tarifa 1
1662,21,94,Libres,Tarifa 1
1663,21,95,La Magdalena Tlatlauquitepec,Tarifa 1
1664,21,96,Mazapiltepec de Juárez,Tarifa 1
1665,21,97,Mixtla,Tarifa 1
1666,21,98,Molcaxac,Tarifa 1
1667,21,99,Cañada Morelos,Tarifa 1
1668,21,100,Naupan,Tarifa 1
1669,21,101,Nauzontla,Tarifa 1
1670,21,102,Nealtican,Tarifa 1
1671,21,103,Nicolás Bravo,Tarifa 1
1672,21,104,Nopalucan,Tarifa 1
1673,21,105,Ocotepec,Tarifa 1
1674,21,106,Ocoyucan,Tarifa 1
1675,21,107,Olintla,Tarifa 1
1676,21,108,Oriental,Tarifa 1
1677,21,109,Pahuatlán,Tarifa 1
1678,21,110,Palmar de Bravo,Tarifa 1
1679,21,111,Pantepec,Tarifa 1
1680,21,112,Petlalcingo,Tarifa 1
1681,21,113,Piaxtla,Tarifa 1
1682,21,114,Puebla,Tarifa 1
1683,21,115,Quecholac,Tarifa 1
1684,21,116,Quimixtlán,Tarifa 1
1685,21,117,Rafael Lara Grajales,Tarifa 1
1686,21,118,Los Reyes de Juárez,Tarifa 1
1687,21,119,San Andrés Cholula,Tarifa 1
1688,21,120,San Antonio Cañada,Tarifa 1
1689,21,121,San Diego la Mesa Tochimiltzingo,Tarifa 1
1690,21,122,San Felipe Teotlalcingo,Tarifa 1
1691,21,123,San Felipe Tepatlán,Tarifa 1
1692,21,124,San Gabriel Chilac,Tarifa 1
1693,21,125,San Gregorio Atzompa,Tarifa 1
1694,21,126,San Jerónimo Tecuanipan,Tarifa 1
1695,21,127,San Jerónimo Xayacatlán,Tarifa 1
1696,21,128,San José Chiapa,Tarifa 1
1697,21,129,San José Miahuatlán,Tarifa 1
1698,21,130,San Juan Atenco,Tarifa 1
1699,21,131,San Juan Atzompa,Tarifa 1
1700,21,132,San Martín Texmelucan,Tarifa 1
1701,21,133,San Martín Totoltepec,Tarifa 1
1702,21,134,San Matías Tlalancaleca,Tarifa 1
1703,21,135,San Miguel Ixitlán,Tarifa 1
1704,21,136,San Miguel Xoxtla,Tarifa 1
1705,21,137,San Nicolás Buenos Aires,Tarifa 1
1706,21,138,San Nicolás de los Ranchos,Tarifa 1
1707,21,139,San Pablo Anicano,Tarifa 1
1708,21,140,San Pedro Cholula,Tarifa 1
1709,21,141,San Pedro Yeloixtlahuaca,Tarifa 1
1710,21,142,San Salvador el Seco,Tarifa 1
1711,21,143,San Salvador el Verde,Tarifa 1
1712,21,144,San Salvador Huixcolotla,Tarifa 1
1713,21,145,San Sebastián Tlacotepec,Tarifa 1
1714,21,146,Santa Catarina Tlaltempan,Tarifa 1
1715,21,147,Santa Inés Ahuatempan,Tarifa 1
1716,21,148,Santa Isabel Cholula,Tarifa 1
1717,21,149,Santiago Miahuatlán,Tarifa 1
1718,21,150,Huehuetlán el Grande,Tarifa 1
1719,21,151,Santo Tomás Hueyotlipan,Tarifa 1
1720,21,152,Soltepec,Tarifa 1
1721,21,153,Tecali de Herrera,Tarifa 1
1722,21,154,Tecamachalco,Tarifa 1
1723,21,155,Tecomatlán,Tarifa 1
1724,21,156,Tehuacán,Tarifa 1
1725,21,157,Tehuitzingo,Tarifa 1
1726,21,158,Tenampulco,Tarifa 1
1727,21,159,Teopantlán,Tarifa 1
1728,21,160,Teotlalco,Tarifa 1
1729,21,161,Tepanco de López,Tarifa 1
1730,21,162,Tepango de Rodríguez,Tarifa 1
1731,21,163,Tepatlaxco de Hidalgo,Tarifa 1
1732,21,164,Tepeaca,Tarifa 1
1733,21,165,Tepemaxalco,Tarifa 1A
1734,21,166,Tepeojuma,Tarifa 1
1735,21,167,Tepetzintla,Tarifa 1
1736,21,168,Tepexco,Tarifa 1
1737,21,169,Tepexi de Rodríguez,Tarifa 1
1738,21,170,Tepeyahualco,Tarifa 1
1739,21,171,Tepeyahualco de Cuauhtémoc,Tarifa 1
1740,21,172,Tetela de Ocampo,Tarifa 1
1741,21,173,Teteles de Avila Castillo,Tarifa 1
1742,21,174,Teziutlán,Tarifa 1
1743,21,175,Tianguismanalco,Tarifa 1
1744,21,176,Tilapa,Tarifa 1
1745,21,177,Tlacotepec de Benito Juárez,Tarifa 1
1746,21,178,Tlacuilotepec,Tarifa 1
1747,21,179,Tlachichuca,Tarifa 1
1748,21,180,Tlahuapan,Tarifa 1
1749,21,181,Tlaltenango,Tarifa 1
1750,21,182,Tlanepantla,Tarifa 1
1751,21,183,Tlaola,Tarifa 1
1752,21,184,Tlapacoya,Tarifa 1
1753,21,185,Tlapanalá,Tarifa 1
1754,21,186,Tlatlauquitepec,Tarifa 1
1755,21,187,Tlaxco,Tarifa 1
1756,21,188,Tochimilco,Tarifa 1
1757,21,189,Tochtepec,Tarifa 1
1758,21,190,Totoltepec de Guerrero,Tarifa 1
1759,21,191,Tulcingo,Tarifa 1
1760,21,192,Tuzamapan de Galeana,Tarifa 1
1761,21,193,Tzicatlacoyan,Tarifa 1
1762,21,194,Venustiano Carranza,Tarifa 1
1763,21,195,Vicente Guerrero,Tarifa 1
1764,21,196,Xayacatlán de Bravo,Tarifa 1
1765,21,197,Xicotepec,Tarifa 1
1766,21,198,Xicotlán,Tarifa 1
1767,21,199,Xiutetelco,Tarifa 1
1768,21,200,Xochiapulco,Tarifa 1
1769,21,201,Xochiltepec,Tarifa 1
1770,21,202,Xochitlán de Vicente Suárez,Tarifa 1
1771,21,203,Xochitlán Todos Santos,Tarifa 1
1772,21,204,Yaonáhuac,Tarifa 1
1773,21,205,Yehualtepec,Tarifa 1
1774,21,206,Zacapala,Tarifa 1
1775,21,207,Zacapoaxtla,Tarifa 1
1776,21,208,Zacatlán,Tarifa 1
1777,21,209,Zapotitlán,Tarifa 1
1778,21,210,Zapotitlán de Méndez,Tarifa 1
1779,21,211,Zaragoza,Tarifa 1
1780,21,212,Zautla,Tarifa 1
1781,21,213,Zihuateutla,Tarifa 1
1782,21,214,Zinacatepec,Tarifa 1
1783,21,215,Zongozotla,Tarifa 1
1784,21,216,Zoquiapan,Tarifa 1
1785,21,217,Zoquitlán,Tarifa 1
1786,22,1,Amealco de Bonfil,Tarifa 1
1787,22,2,Pinal de Amoles,Tarifa 1
1788,22,3,Arroyo Seco,Tarifa 1
1789,22,4,Cadereyta de Montes,Tarifa 1
1790,22,5,Colón,Tarifa 1
1791,22,6,Corregidora,Tarifa 1
1792,22,7,Ezequiel Montes,Tarifa 1
1793,22,8,Huimilpan,Tarifa 1
1794,22,9,Jalpan de Serra,Tarifa 1A
1795,22,10,Landa de Matamoros,Tarifa 1A
1796,22,11,El Marqués,Tarifa 1
1797,22,12,Pedro Escobedo,Tarifa 1
1798,22,13,Peñamiller,Tarifa 1
1799,22,14,Querétaro,Tarifa 1
1800,22,15,San Joaquín,Tarifa 1
1801,22,16,San Juan del Río,Tarifa 1
1802,22,17,Tequisquiapan,Tarifa 1
1803,22,18,Tolimán,Tarifa 1
1804,23,1,Cozumel,Tarifa 1B
1805,23,2,Felipe Carrillo Puerto,Tarifa 1D
1806,23,3,Isla Mujeres,Tarifa 1C
1807,23,4,Othón P. Blanco,Tarifa 1B
1808,23,5,Benito Juárez,Tarifa 1C
1809,23,6,José María Morelos,Tarifa 1B
1810,23,7,Lázaro Cárdenas,Tarifa 1A
1811,23,8,Solidaridad,Tarifa 1B
1812,23,9,Tulum,Tarifa 1A
1813,23,10,Bacalar,Tarifa 1A
1814,24,1,Ahualulco,Tarifa 1
1815,24,2,Alaquines,Tarifa 1
1816,24,3,Aquismón,Tarifa 1B
1817,24,4,Armadillo de los Infante,Tarifa 1
1818,24,5,Cárdenas,Tarifa 1
1819,24,6,Catorce,Tarifa 1
1820,24,7,Cedral,Tarifa 1
1821,24,8,Cerritos,Tarifa 1A
1822,24,9,Cerro de San Pedro,Tarifa 1
1823,24,10,Ciudad del Maíz,Tarifa 1
1824,24,11,Ciudad Fernández,Tarifa 1A
1825,24,12,Tancanhuitz,Tarifa 1B
1826,24,13,Ciudad Valles,Tarifa 1D
1827,24,14,Coxcatlán,Tarifa 1B
1828,24,15,Charcas,Tarifa 1
1829,24,16,Ebano,Tarifa 1D
1830,24,17,Guadalcázar,Tarifa 1
1831,24,18,Huehuetlán,Tarifa 1B
1832,24,19,Lagunillas,Tarifa 1A
1833,24,20,Matehuala,Tarifa 1A
1834,24,21,Mexquitic de Carmona,Tarifa 1
1835,24,22,Moctezuma,Tarifa 1
1836,24,23,Rayón,Tarifa 1A
1837,24,24,Rioverde,Tarifa 1A
1838,24,25,Salinas,Tarifa 1
1839,24,26,San Antonio,Tarifa 1B
1840,24,27,San Ciro de Acosta,Tarifa 1B
1841,24,28,San Luis Potosí,Tarifa 1
1842,24,29,San Martín Chalchicuautla,Tarifa 1B
1843,24,30,San Nicolás Tolentino,Tarifa 1
1844,24,31,Santa Catarina,Tarifa 1B
1845,24,32,Santa María del Río,Tarifa 1
1846,24,33,Santo Domingo,Tarifa 1
1847,24,34,San Vicente Tancuayalab,Tarifa 1D
1848,24,35,Soledad de Graciano Sánchez,Tarifa 1
1849,24,36,Tamasopo,Tarifa 1B
1850,24,37,Tamazunchale,Tarifa 1B
1851,24,38,Tampacán,Tarifa 1B
1852,24,39,Tampamolón Corona,Tarifa 1D
1853,24,40,Tamuín,Tarifa 1D
1854,24,41,Tanlajás,Tarifa 1B
1855,24,42,Tanquián de Escobedo,Tarifa 1C
1856,24,43,Tierra Nueva,Tarifa 1
1857,24,44,Vanegas,Tarifa 1
1858,24,45,Venado,Tarifa 1
1859,24,46,Villa de Arriaga,Tarifa 1
1860,24,47,Villa de Guadalupe,Tarifa 1
1861,24,48,Villa de la Paz,Tarifa 1A
1862,24,49,Villa de Ramos,Tarifa 1
1863,24,50,Villa de Reyes,Tarifa 1
1864,24,51,Villa Hidalgo,Tarifa 1
1865,24,52,Villa Juárez,Tarifa 1
1866,24,53,Axtla de Terrazas,Tarifa 1C
1867,24,54,Xilitla,Tarifa 1B
1868,24,55,Zaragoza,Tarifa 1
1869,24,56,Villa de Arista,Tarifa 1
1870,24,57,Matlapa,Tarifa 1B
1871,24,58,El Naranjo,Tarifa 1B
1872,25,1,Ahome,Tarifa 1F
1873,25,2,Angostura,Tarifa 1E
1874,25,3,Badiraguato,Tarifa 1D
1875,25,4,Concordia,Tarifa 1D
1876,25,5,Cosalá,Tarifa 1D
1877,25,6,Culiacán,Tarifa 1F
1878,25,7,Choix,Tarifa 1E
1879,25,8,Elota,Tarifa 1D
1880,25,9,Escuinapa,Tarifa 1D
1881,25,10,El Fuerte,Tarifa 1E
1882,25,11,Guasave,Tarifa 1F
1883,25,12,Mazatlán,Tarifa 1D
1884,25,13,Mocorito,Tarifa 1E
1885,25,14,Rosario,Tarifa 1D
1886,25,15,Salvador Alvarado,Tarifa 1F
1887,25,16,San Ignacio,Tarifa 1D
1888,25,17,Sinaloa,Tarifa 1E
1889,25,18,Navolato,Tarifa 1D
1890,26,1,Aconchi,Tarifa 1D
1891,26,2,Agua Prieta,Tarifa 1B
1892,26,3,Alamos,Tarifa 1E
1893,26,4,Altar,Tarifa 1E
1894,26,5,Arivechi,Tarifa 1D
1895,26,6,Arizpe,Tarifa 1C
1896,26,7,Atil,Tarifa 1E
1897,26,8,Bacadéhuachi,Tarifa 1C
1898,26,9,Bacanora,Tarifa 1F
1899,26,10,Bacerac,Tarifa 1B
1900,26,11,Bacoachi,Tarifa 1A
1901,26,12,Bácum,Tarifa 1E
1902,26,13,Banámichi,Tarifa 1D
1903,26,14,Baviácora,Tarifa 1D
1904,26,15,Bavispe,Tarifa 1B
1905,26,16,Benjamín Hill,Tarifa 1C
1906,26,17,Caborca,Tarifa 1E
1907,26,18,Cajeme,Tarifa 1F
1908,26,19,Cananea,Tarifa 1A
1909,26,20,Carbó,Tarifa 1E
1910,26,21,La Colorada,Tarifa 1E
1911,26,22,Cucurpe,Tarifa 1C
1912,26,23,Cumpas,Tarifa 1B
1913,26,24,Divisaderos,Tarifa 1C
1914,26,25,Empalme,Tarifa 1E
1915,26,26,Etchojoa,Tarifa 1E
1916,26,27,Fronteras,Tarifa 1B
1917,26,28,Granados,Tarifa 1D
1918,26,29,Guaymas,Tarifa 1E
1919,26,30,Hermosillo,Tarifa 1F
1920,26,31,Huachinera,Tarifa 1B
1921,26,32,Huásabas,Tarifa 1C
1922,26,33,Huatabampo,Tarifa 1E
1923,26,34,Huépac,Tarifa 1D
1924,26,35,Imuris,Tarifa 1C
1925,26,36,Magdalena,Tarifa 1C
1926,26,37,Mazatán,Tarifa 1E
1927,26,38,Moctezuma,Tarifa 1C
1928,26,39,Naco,Tarifa 1A
1929,26,40,Nácori Chico,Tarifa 1C
1930,26,41,Nacozari de García,Tarifa 1B
1931,26,42,Navojoa,Tarifa 1E
1932,26,43,Nogales,Tarifa 1A
1933,26,44,Onavas,Tarifa 1E
1934,26,45,Opodepe,Tarifa 1D
1935,26,46,Oquitoa,Tarifa 1E
1936,26,47,Pitiquito,Tarifa 1E
1937,26,48,Puerto Peñasco,Tarifa 1E
1938,26,49,Quiriego,Tarifa 1E
1939,26,50,Rayón,Tarifa 1D
1940,26,51,Rosario,Tarifa 1E
1941,26,52,Sahuaripa,Tarifa 1F
1942,26,53,San Felipe de Jesús,Tarifa 1D
1943,26,54,San Javier,Tarifa 1E
1944,26,55,San Luis Río Colorado,Tarifa 1F
1945,26,56,San Miguel de Horcasitas,Tarifa 1E
1946,26,57,San Pedro de la Cueva,Tarifa 1E
1947,26,58,Santa Ana,Tarifa 1C
1948,26,59,Santa Cruz,Tarifa 1A
1949,26,60,Sáric,Tarifa 1E
1950,26,61,Soyopa,Tarifa 1E
1951,26,62,Suaqui Grande,Tarifa 1E
1952,26,63,Tepache,Tarifa 1E
1953,26,64,Trincheras,Tarifa 1C
1954,26,65,Tubutama,Tarifa 1E
1955,26,66,Ures,Tarifa 1E
1956,26,67,Villa Hidalgo,Tarifa 1B
1957,26,68,Villa Pesqueira,Tarifa 1E
1958,26,69,Yécora,Tarifa 1D
1959,26,70,General Plutarco Elías Calles,Tarifa 1E
1960,26,71,Benito Juárez,Tarifa 1E
1961,26,72,San Ignacio Río Muerto,Tarifa 1E
1962,27,1,Balancán,Tarifa 1C
1963,27,2,Cárdenas,Tarifa 1C
1964,27,3,Centla,Tarifa 1C
1965,27,4,Centro,Tarifa 1D
1966,27,5,Comalcalco,Tarifa 1C
1967,27,6,Cunduacán,Tarifa 1C
1968,27,7,Emiliano Zapata,Tarifa 1C
1969,27,8,Huimanguillo,Tarifa 1C
1970,27,9,Jalapa,Tarifa 1C
1971,27,10,Jalpa de Méndez,Tarifa 1C
1972,27,11,Jonuta,Tarifa 1D
1973,27,12,Macuspana,Tarifa 1D
1974,27,13,Nacajuca,Tarifa 1C
1975,27,14,Paraíso,Tarifa 1C
1976,27,15,Tacotalpa,Tarifa 1C
1977,27,16,Teapa,Tarifa 1C
1978,27,17,Tenosique,Tarifa 1D
1979,28,1,Abasolo,Tarifa 1C
1980,28,2,Aldama,Tarifa 1B
1981,28,3,Altamira,Tarifa 1C
1982,28,4,Antiguo Morelos,Tarifa 1C
1983,28,5,Burgos,Tarifa 1C
1984,28,6,Bustamante,Tarifa 1A
1985,28,7,Camargo,Tarifa 1D
1986,28,8,Casas,Tarifa 1C
1987,28,9,Ciudad Madero,Tarifa 1C
1988,28,10,Cruillas,Tarifa 1B
1989,28,11,Gómez Farías,Tarifa 1C
1990,28,12,González,Tarifa 1C
1991,28,13,Güémez,Tarifa 1C
1992,28,14,Guerrero,Tarifa 1D
1993,28,15,Gustavo Díaz Ordaz,Tarifa 1E
1994,28,16,Hidalgo,Tarifa 1C
1995,28,17,Jaumave,Tarifa 1A
1996,28,18,Jiménez,Tarifa 1C
1997,28,19,Llera,Tarifa 1B
1998,28,20,Mainero,Tarifa 1B
1999,28,21,El Mante,Tarifa 1B
2000,28,22,Matamoros,Tarifa 1D
2001,28,23,Méndez,Tarifa 1C
2002,28,24,Mier,Tarifa 1E
2003,28,25,Miguel Alemán,Tarifa 1E
2004,28,26,Miquihuana,Tarifa 1A
2005,28,27,Nuevo Laredo,Tarifa 1E
2006,28,28,Nuevo Morelos,Tarifa 1C
2007,28,29,Ocampo,Tarifa 1B
2008,28,30,Padilla,Tarifa 1D
2009,28,31,Palmillas,Tarifa 1
2010,28,32,Reynosa,Tarifa 1E
2011,28,33,Río Bravo,Tarifa 1E
2012,28,34,San Carlos,Tarifa 1B
2013,28,35,San Fernando,Tarifa 1C
2014,28,36,San Nicolás,Tarifa 1B
2015,28,37,Soto la Marina,Tarifa 1C
2016,28,38,Tampico,Tarifa 1C
2017,28,39,Tula,Tarifa 1
2018,28,40,Valle Hermoso,Tarifa 1C
2019,28,41,Victoria,Tarifa 1C
2020,28,42,Villagrán,Tarifa 1B
2021,28,43,Xicoténcatl,Tarifa 1D
2022,29,1,Amaxac de Guerrero,Tarifa 1
2023,29,2,Apetatitlán de Antonio Carvajal,Tarifa 1
2024,29,3,Atlangatepec,Tarifa 1
2025,29,4,Atltzayanca,Tarifa 1
2026,29,5,Apizaco,Tarifa 1
2027,29,6,Calpulalpan,Tarifa 1
2028,29,7,El Carmen Tequexquitla,Tarifa 1
2029,29,8,Cuapiaxtla,Tarifa 1
2030,29,9,Cuaxomulco,Tarifa 1
2031,29,10,Chiautempan,Tarifa 1
2032,29,11,Muñoz de Domingo Arenas,Tarifa 1
2033,29,12,Españita,Tarifa 1
2034,29,13,Huamantla,Tarifa 1
2035,29,14,Hueyotlipan,Tarifa 1
2036,29,15,Ixtacuixtla de Mariano Matamoros,Tarifa 1
2037,29,16,Ixtenco,Tarifa 1
2038,29,17,Mazatecochco de José María Morelos,Tarifa 1
2039,29,18,Contla de Juan Cuamatzi,Tarifa 1
2040,29,19,Tepetitla de Lardizábal,Tarifa 1
2041,29,20,Sanctórum de Lázaro Cárdenas,Tarifa 1
2042,29,21,Nanacamilpa de Mariano Arista,Tarifa 1
2043,29,22,Acuamanala de Miguel Hidalgo,Tarifa 1
2044,29,23,Natívitas,Tarifa 1
2045,29,24,Panotla,Tarifa 1
2046,29,25,San Pablo del Monte,Tarifa 1
2047,29,26,Santa Cruz Tlaxcala,Tarifa 1
2048,29,27,Tenancingo,Tarifa 1
2049,29,28,Teolocholco,Tarifa 1
2050,29,29,Tepeyanco,Tarifa 1
2051,29,30,Terrenate,Tarifa 1
2052,29,31,Tetla de la Solidaridad,Tarifa 1
2053,29,32,Tetlatlahuca,Tarifa 1
2054,29,33,Tlaxcala,Tarifa 1
2055,29,34,Tlaxco,Tarifa 1
2056,29,35,Tocatlán,Tarifa 1
2057,29,36,Totolac,Tarifa 1
2058,29,37,Ziltlaltépec de Trinidad Sánchez Santos,Tarifa 1
2059,29,38,Tzompantepec,Tarifa 1
2060,29,39,Xaloztoc,Tarifa 1
2061,29,40,Xaltocan,Tarifa 1
2062,29,41,Papalotla de Xicohténcatl,Tarifa 1
2063,29,42,Xicohtzinco,Tarifa 1
2064,29,43,Yauhquemehcan,Tarifa 1
2065,29,44,Zacatelco,Tarifa 1
2066,29,45,Benito Juárez,Tarifa 1
2067,29,46,Emiliano Zapata,Tarifa 1
2068,29,47,Lázaro Cárdenas,Tarifa 1
2069,29,48,La Magdalena Tlaltelulco,Tarifa 1
2070,29,49,San Damián Texóloc,Tarifa 1
2071,29,50,San Francisco Tetlanohcan,Tarifa 1
2072,29,51,San Jerónimo Zacualpan,Tarifa 1
2073,29,52,San José Teacalco,Tarifa 1
2074,29,53,San Juan Huactzinco,Tarifa 1
2075,29,54,San Lorenzo Axocomanitla,Tarifa 1
2076,29,55,San Lucas Tecopilco,Tarifa 1
2077,29,56,Santa Ana Nopalucan,Tarifa 1
2078,29,57,Santa Apolonia Teacalco,Tarifa 1
2079,29,58,Santa Catarina Ayometla,Tarifa 1
2080,29,59,Santa Cruz Quilehtla,Tarifa 1
2081,29,60,Santa Isabel Xiloxoxtla,Tarifa 1
2082,30,1,Acajete,Tarifa 1
2083,30,2,Acatlán,Tarifa 1
2084,30,3,Acayucan,Tarifa 1B
2085,30,4,Actopan,Tarifa 1B
2086,30,5,Acula,Tarifa 1B
2087,30,6,Acultzingo,Tarifa 1
2088,30,7,Camarón de Tejeda,Tarifa 1A
2089,30,8,Alpatláhuac,Tarifa 1
2090,30,9,Alto Lucero de Gutiérrez Barrios,Tarifa 1
2091,30,10,Altotonga,Tarifa 1
2092,30,11,Alvarado,Tarifa 1C
2093,30,12,Amatitlán,Tarifa 1B
2094,30,13,Naranjos Amatlán,Tarifa 1B
2095,30,14,Amatlán de los Reyes,Tarifa 1A
2096,30,15,Angel R. Cabada,Tarifa 1A
2097,30,16,La Antigua,Tarifa 1B
2098,30,17,Apazapan,Tarifa 1A
2099,30,18,Aquila,Tarifa 1
2100,30,19,Astacinga,Tarifa 1
2101,30,20,Atlahuilco,Tarifa 1A
2102,30,21,Atoyac,Tarifa 1A
2103,30,22,Atzacan,Tarifa 1
2104,30,23,Atzalan,Tarifa 1A
2105,30,24,Tlaltetela,Tarifa 1A
2106,30,25,Ayahualulco,Tarifa 1
2107,30,26,Banderilla,Tarifa 1
2108,30,27,Benito Juárez,Tarifa 1A
2109,30,28,Boca del Río,Tarifa 1C
2110,30,29,Calcahualco,Tarifa 1
2111,30,30,Camerino Z. Mendoza,Tarifa 1
2112,30,31,Carrillo Puerto,Tarifa 1B
2113,30,32,Catemaco,Tarifa 1B
2114,30,33,Cazones de Herrera,Tarifa 1B
2115,30,34,Cerro Azul,Tarifa 1B
2116,30,35,Citlaltépetl,Tarifa 1B
2117,30,36,Coacoatzintla,Tarifa 1
2118,30,37,Coahuitlán,Tarifa 1A
2119,30,38,Coatepec,Tarifa 1
2120,30,39,Coatzacoalcos,Tarifa 1C
2121,30,40,Coatzintla,Tarifa 1
2122,30,41,Coetzala,Tarifa 1A
2123,30,42,Colipa,Tarifa 1A
2124,30,43,Comapa,Tarifa 1
2125,30,44,Córdoba,Tarifa 1
2126,30,45,Cosamaloapan de Carpio,Tarifa 1B
2127,30,46,Cosautlán de Carvajal,Tarifa 1B
2128,30,47,Coscomatepec,Tarifa 1
2129,30,48,Cosoleacaque,Tarifa 1C
2130,30,49,Cotaxtla,Tarifa 1A
2131,30,50,Coxquihui,Tarifa 1B
2132,30,51,Coyutla,Tarifa 1B
2133,30,52,Cuichapa,Tarifa 1
2134,30,53,Cuitláhuac,Tarifa 1A
2135,30,54,Chacaltianguis,Tarifa 1B
2136,30,55,Chalma,Tarifa 1B
2137,30,56,Chiconamel,Tarifa 1B
2138,30,57,Chiconquiaco,Tarifa 1A
2139,30,58,Chicontepec,Tarifa 1B
2140,30,59,Chinameca,Tarifa 1C
2141,30,60,Chinampa de Gorostiza,Tarifa 1B
2142,30,61,Las Choapas,Tarifa 1A
2143,30,62,Chocamán,Tarifa 1
2144,30,63,Chontla,Tarifa 1B
2145,30,64,Chumatlán,Tarifa 1A
2146,30,65,Emiliano Zapata,Tarifa 1B
2147,30,66,Espinal,Tarifa 1B
2148,30,67,Filomeno Mata,Tarifa 1A
2149,30,68,Fortín,Tarifa 1
2150,30,69,Gutiérrez Zamora,Tarifa 1B
2151,30,70,Hidalgotitlán,Tarifa 1B
2152,30,71,Huatusco,Tarifa 1
2153,30,72,Huayacocotla,Tarifa 1
2154,30,73,Hueyapan de Ocampo,Tarifa 1A
2155,30,74,Huiloapan de Cuauhtémoc,Tarifa 1
2156,30,75,Ignacio de la Llave,Tarifa 1B
2157,30,76,Ilamatlán,Tarifa 1
2158,30,77,Isla,Tarifa 1B
2159,30,78,Ixcatepec,Tarifa 1A
2160,30,79,Ixhuacán de los Reyes,Tarifa 1
2161,30,80,Ixhuatlán del Café,Tarifa 1
2162,30,81,Ixhuatlancillo,Tarifa 1
2163,30,82,Ixhuatlán del Sureste,Tarifa 1C
2164,30,83,Ixhuatlán de Madero,Tarifa 1A
2165,30,84,Ixmatlahuacan,Tarifa 1B
2166,30,85,Ixtaczoquitlán,Tarifa 1
2167,30,86,Jalacingo,Tarifa 1
2168,30,87,Xalapa,Tarifa 1
2169,30,88,Jalcomulco,Tarifa 1A
2170,30,89,Jáltipan,Tarifa 1C
2171,30,90,Jamapa,Tarifa 1B
2172,30,91,Jesús Carranza,Tarifa 1B
2173,30,92,Xico,Tarifa 1
2174,30,93,Jilotepec,Tarifa 1
2175,30,94,Juan Rodríguez Clara,Tarifa 1B
2176,30,95,Juchique de Ferrer,Tarifa 1
2177,30,96,Landero y Coss,Tarifa 1
2178,30,97,Lerdo de Tejada,Tarifa 1B
2179,30,98,Magdalena,Tarifa 1
2180,30,99,Maltrata,Tarifa 1B
2181,30,100,Manlio Fabio Altamirano,Tarifa 1A
2182,30,101,Mariano Escobedo,Tarifa 1
2183,30,102,Martínez de la Torre,Tarifa 1B
2184,30,103,Mecatlán,Tarifa 1A
2185,30,104,Mecayapan,Tarifa 1B
2186,30,105,Medellín,Tarifa 1B
2187,30,106,Miahuatlán,Tarifa 1
2188,30,107,Las Minas,Tarifa 1
2189,30,108,Minatitlán,Tarifa 1C
2190,30,109,Misantla,Tarifa 1
2191,30,110,Mixtla de Altamirano,Tarifa 1
2192,30,111,Moloacán,Tarifa 1B
2193,30,112,Naolinco,Tarifa 1
2194,30,113,Naranjal,Tarifa 1
2195,30,114,Nautla,Tarifa 1A
2196,30,115,Nogales,Tarifa 1
2197,30,116,Oluta,Tarifa 1B
2198,30,117,Omealca,Tarifa 1B
2199,30,118,Orizaba,Tarifa 1
2200,30,119,Otatitlán,Tarifa 1B
2201,30,120,Oteapan,Tarifa 1C
2202,30,121,Ozuluama de Mascareñas,Tarifa 1B
2203,30,122,Pajapan,Tarifa 1B
2204,30,123,Pánuco,Tarifa 1D
2205,30,124,Papantla,Tarifa 1A
2206,30,125,Paso del Macho,Tarifa 1A
2207,30,126,Paso de Ovejas,Tarifa 1A
2208,30,127,La Perla,Tarifa 1
2209,30,128,Perote,Tarifa 1
2210,30,129,Platón Sánchez,Tarifa 1C
2211,30,130,Playa Vicente,Tarifa 1B
2212,30,131,Poza Rica de Hidalgo,Tarifa 1B
2213,30,132,Las Vigas de Ramírez,Tarifa 1C
2214,30,133,Pueblo Viejo,Tarifa 1C
2215,30,134,Puente Nacional,Tarifa 1B
2216,30,135,Rafael Delgado,Tarifa 1
2217,30,136,Rafael Lucio,Tarifa 1
2218,30,137,Los Reyes,Tarifa 1
2219,30,138,Río Blanco,Tarifa 1
2220,30,139,Saltabarranca,Tarifa 1A
2221,30,140,San Andrés Tenejapan,Tarifa 1
2222,30,141,San Andrés Tuxtla,Tarifa 1B
2223,30,142,San Juan Evangelista,Tarifa 1B
2224,30,143,Santiago Tuxtla,Tarifa 1B
2225,30,144,Sayula de Alemán,Tarifa 1B
2226,30,145,Soconusco,Tarifa 1B
2227,30,146,Sochiapa,Tarifa 1
2228,30,147,Soledad Atzompa,Tarifa 1
2229,30,148,Soledad de Doblado,Tarifa 1B
2230,30,149,Soteapan,Tarifa 1A
2231,30,150,Tamalín,Tarifa 1B
2232,30,151,Tamiahua,Tarifa 1B
2233,30,152,Tampico Alto,Tarifa 1B
2234,30,153,Tancoco,Tarifa 1B
2235,30,154,Tantima,Tarifa 1B
2236,30,155,Tantoyuca,Tarifa 1B
2237,30,156,Tatatila,Tarifa 1
2238,30,157,Castillo de Teayo,Tarifa 1A
2239,30,158,Tecolutla,Tarifa 1A
2240,30,159,Tehuipango,Tarifa 1
2241,30,160,Álamo Temapache,Tarifa 1B
2242,30,161,Tempoal,Tarifa 1B
2243,30,162,Tenampa,Tarifa 1
2244,30,163,Tenochtitlán,Tarifa 1
2245,30,164,Teocelo,Tarifa 1
2246,30,165,Tepatlaxco,Tarifa 1A
2247,30,166,Tepetlán,Tarifa 1
2248,30,167,Tepetzintla,Tarifa 1A
2249,30,168,Tequila,Tarifa 1
2250,30,169,José Azueta,Tarifa 1A
2251,30,170,Texcatepec,Tarifa 1A
2252,30,171,Texhuacán,Tarifa 1
2253,30,172,Texistepec,Tarifa 1B
2254,30,173,Tezonapa,Tarifa 1B
2255,30,174,Tierra Blanca,Tarifa 1B
2256,30,175,Tihuatlán,Tarifa 1A
2257,30,176,Tlacojalpan,Tarifa 1B
2258,30,177,Tlacolulan,Tarifa 1
2259,30,178,Tlacotalpan,Tarifa 1B
2260,30,179,Tlacotepec de Mejía,Tarifa 1
2261,30,180,Tlachichilco,Tarifa 1A
2262,30,181,Tlalixcoyan,Tarifa 1A
2263,30,182,Tlalnelhuayocan,Tarifa 1
2264,30,183,Tlapacoyan,Tarifa 1A
2265,30,184,Tlaquilpa,Tarifa 1
2266,30,185,Tlilapan,Tarifa 1
2267,30,186,Tomatlán,Tarifa 1
2268,30,187,Tonayán,Tarifa 1
2269,30,188,Totutla,Tarifa 1
2270,30,189,Tuxpan,Tarifa 1B
2271,30,190,Tuxtilla,Tarifa 1B
2272,30,191,Ursulo Galván,Tarifa 1B
2273,30,192,Vega de Alatorre,Tarifa 1B
2274,30,193,Veracruz,Tarifa 1C
2275,30,194,Villa Aldama,Tarifa 1C
2276,30,195,Xoxocotla,Tarifa 1
2277,30,196,Yanga,Tarifa 1A
2278,30,197,Yecuatla,Tarifa 1A
2279,30,198,Zacualpan,Tarifa 1
2280,30,199,Zaragoza,Tarifa 1C
2281,30,200,Zentla,Tarifa 1
2282,30,201,Zongolica,Tarifa 1A
2283,30,202,Zontecomatlán de López y Fuentes,Tarifa 1A
2284,30,203,Zozocolco de Hidalgo,Tarifa 1
2285,30,204,Agua Dulce,Tarifa 1B
2286,30,205,El Higo,Tarifa 1B
2287,30,206,Nanchital de Lázaro Cárdenas del Río,Tarifa 1C
2288,30,207,Tres Valles,Tarifa 1
2289,30,208,Carlos A. Carrillo,Tarifa 1B
2290,30,209,Tatahuicapan de Juárez,Tarifa 1B
2291,30,210,Uxpanapa,Tarifa 1B
2292,30,211,San Rafael,Tarifa 1B
2293,30,212,Santiago Sochiapan,Tarifa 1B
2294,31,1,Abalá,Tarifa 1B
2295,31,2,Acanceh,Tarifa 1B
2296,31,3,Akil,Tarifa 1B
2297,31,4,Baca,Tarifa 1B
2298,31,5,Bokobá,Tarifa 1B
2299,31,6,Buctzotz,Tarifa 1B
2300,31,7,Cacalchén,Tarifa 1B
2301,31,8,Calotmul,Tarifa 1B
2302,31,9,Cansahcab,Tarifa 1B
2303,31,10,Cantamayec,Tarifa 1B
2304,31,11,Celestún,Tarifa 1B
2305,31,12,Cenotillo,Tarifa 1A
2306,31,13,Conkal,Tarifa 1B
2307,31,14,Cuncunul,Tarifa 1B
2308,31,15,Cuzamá,Tarifa 1B
2309,31,16,Chacsinkín,Tarifa 1C
2310,31,17,Chankom,Tarifa 1B
2311,31,18,Chapab,Tarifa 1B
2312,31,19,Chemax,Tarifa 1B
2313,31,20,Chicxulub Pueblo,Tarifa 1B
2314,31,21,Chichimilá,Tarifa 1B
2315,31,22,Chikindzonot,Tarifa 1B
2316,31,23,Chocholá,Tarifa 1B
2317,31,24,Chumayel,Tarifa 1B
2318,31,25,Dzán,Tarifa 1B
2319,31,26,Dzemul,Tarifa 1B
2320,31,27,Dzidzantún,Tarifa 1B
2321,31,28,Dzilam de Bravo,Tarifa 1B
2322,31,29,Dzilam González,Tarifa 1B
2323,31,30,Dzitás,Tarifa 1B
2324,31,31,Dzoncauich,Tarifa 1B
2325,31,32,Espita,Tarifa 1B
2326,31,33,Halachó,Tarifa 1B
2327,31,34,Hocabá,Tarifa 1B
2328,31,35,Hoctún,Tarifa 1B
2329,31,36,Homún,Tarifa 1B
2330,31,37,Huhí,Tarifa 1B
2331,31,38,Hunucmá,Tarifa 1A
2332,31,39,Ixil,Tarifa 1B
2333,31,40,Izamal,Tarifa 1B
2334,31,41,Kanasín,Tarifa 1B
2335,31,42,Kantunil,Tarifa 1B
2336,31,43,Kaua,Tarifa 1B
2337,31,44,Kinchil,Tarifa 1B
2338,31,45,Kopomá,Tarifa 1C
2339,31,46,Mama,Tarifa 1B
2340,31,47,Maní,Tarifa 1B
2341,31,48,Maxcanú,Tarifa 1B
2342,31,49,Mayapán,Tarifa 1A
2343,31,50,Mérida,Tarifa 1B
2344,31,51,Mocochá,Tarifa 1B
2345,31,52,Motul,Tarifa 1B
2346,31,53,Muna,Tarifa 1B
2347,31,54,Muxupip,Tarifa 1B
2348,31,55,Opichén,Tarifa 1C
2349,31,56,Oxkutzcab,Tarifa 1B
2350,31,57,Panabá,Tarifa 1B
2351,31,58,Peto,Tarifa 1B
2352,31,59,Progreso,Tarifa 1B
2353,31,60,Quintana Roo,Tarifa 1C
2354,31,61,Río Lagartos,Tarifa 1A
2355,31,62,Sacalum,Tarifa 1B
2356,31,63,Samahil,Tarifa 1B
2357,31,64,Sanahcat,Tarifa 1B
2358,31,65,San Felipe,Tarifa 1B
2359,31,66,Santa Elena,Tarifa 1B
2360,31,67,Seyé,Tarifa 1B
2361,31,68,Sinanché,Tarifa 1B
2362,31,69,Sotuta,Tarifa 1C
2363,31,70,Sucilá,Tarifa 1B
2364,31,71,Sudzal,Tarifa 1B
2365,31,72,Suma,Tarifa 1B
2366,31,73,Tahdziú,Tarifa 1C
2367,31,74,Tahmek,Tarifa 1B
2368,31,75,Teabo,Tarifa 1B
2369,31,76,Tecoh,Tarifa 1B
2370,31,77,Tekal de Venegas,Tarifa 1B
2371,31,78,Tekantó,Tarifa 1B
2372,31,79,Tekax,Tarifa 1B
2373,31,80,Tekit,Tarifa 1B
2374,31,81,Tekom,Tarifa 1B
2375,31,82,Telchac Pueblo,Tarifa 1B
2376,31,83,Telchac Puerto,Tarifa 1B
2377,31,84,Temax,Tarifa 1B
2378,31,85,Temozón,Tarifa 1B
2379,31,86,Tepakán,Tarifa 1B
2380,31,87,Tetiz,Tarifa 1B
2381,31,88,Teya,Tarifa 1B
2382,31,89,Ticul,Tarifa 1B
2383,31,90,Timucuy,Tarifa 1B
2384,31,91,Tinum,Tarifa 1A
2385,31,92,Tixcacalcupul,Tarifa 1B
2386,31,93,Tixkokob,Tarifa 1B
2387,31,94,Tixmehuac,Tarifa 1B
2388,31,95,Tixpéhual,Tarifa 1B
2389,31,96,Tizimín,Tarifa 1B
2390,31,97,Tunkás,Tarifa 1C
2391,31,98,Tzucacab,Tarifa 1A
2392,31,99,Uayma,Tarifa 1B
2393,31,100,Ucú,Tarifa 1C
2394,31,101,Umán,Tarifa 1B
2395,31,102,Valladolid,Tarifa 1B
2396,31,103,Xocchel,Tarifa 1B
2397,31,104,Yaxcabá,Tarifa 1A
2398,31,105,Yaxkukul,Tarifa 1B
2399,31,106,Yobaín,Tarifa 1b
2400,32,1,Apozol,Tarifa 1
2401,32,2,Apulco,Tarifa 1
2402,32,3,Atolinga,Tarifa 1
2403,32,4,Benito Juárez,Tarifa 1
2404,32,5,Calera,Tarifa 1
2405,32,6,Cañitas de Felipe Pescador,Tarifa 1
2406,32,7,Concepción del Oro,Tarifa 1
2407,32,8,Cuauhtémoc,Tarifa 1
2408,32,9,Chalchihuites,Tarifa 1
2409,32,10,Fresnillo,Tarifa 1
2410,32,11,Trinidad García de la Cadena,Tarifa 1
2411,32,12,Genaro Codina,Tarifa 1
2412,32,13,General Enrique Estrada,Tarifa 1
2413,32,14,General Francisco R. Murguía,Tarifa 1
2414,32,15,El Plateado de Joaquín Amaro,Tarifa 1
2415,32,16,General Pánfilo Natera,Tarifa 1
2416,32,17,Guadalupe,Tarifa 1
2417,32,18,Huanusco,Tarifa 1
2418,32,19,Jalpa,Tarifa 1
2419,32,20,Jerez,Tarifa 1
2420,32,21,Jiménez del Teul,Tarifa 1
2421,32,22,Juan Aldama,Tarifa 1
2422,32,23,Juchipila,Tarifa 1
2423,32,24,Loreto,Tarifa 1
2424,32,25,Luis Moya,Tarifa 1
2425,32,26,Mazapil,Tarifa 1
2426,32,27,Melchor Ocampo,Tarifa 1
2427,32,28,Mezquital del Oro,Tarifa 1
2428,32,29,Miguel Auza,Tarifa 1
2429,32,30,Momax,Tarifa 1
2430,32,31,Monte Escobedo,Tarifa 1
2431,32,32,Morelos,Tarifa 1
2432,32,33,Moyahua de Estrada,Tarifa 1
2433,32,34,Nochistlán de Mejía,Tarifa 1
2434,32,35,Noria de Ángeles,Tarifa 1
2435,32,36,Ojocaliente,Tarifa 1
2436,32,37,Pánuco,Tarifa 1
2437,32,38,Pinos,Tarifa 1
2438,32,39,Río Grande,Tarifa 1
2439,32,40,Sain Alto,Tarifa 1
2440,32,41,El Salvador,Tarifa 1
2441,32,42,Sombrerete,Tarifa 1
2442,32,43,Susticacán,Tarifa 1
2443,32,44,Tabasco,Tarifa 1
2444,32,45,Tepechitlán,Tarifa 1
2445,32,46,Tepetongo,Tarifa 1
2446,32,47,Teúl de González Ortega,Tarifa 1
2447,32,48,Tlaltenango de Sánchez Román,Tarifa 1
2448,32,49,Valparaíso,Tarifa 1
2449,32,50,Vetagrande,Tarifa 1
2450,32,51,Villa de Cos,Tarifa 1
2451,32,52,Villa García,Tarifa 1
2452,32,53,Villa González Ortega,Tarifa 1
2453,32,54,Villa Hidalgo,Tarifa 1
2454,32,55,Villanueva,Tarifa 1
2455,32,56,Zacatecas,Tarifa 1
2456,32,57,Trancoso,Tarifa 1
2457,32,58,Santa María de la Paz,Tarifa 1